[
  {
    "name": "Application Start",
    "start": 1607664686491,
    "end": 1607664689699,
    "duration": 3208,
    "pid": 80340,
    "index": 0
  },
  {
    "name": "Load Plugin",
    "start": 1607664686504,
    "end": 1607664686520,
    "duration": 16,
    "pid": 80340,
    "index": 1
  },
  {
    "name": "Load Config",
    "start": 1607664686520,
    "end": 1607664686552,
    "duration": 32,
    "pid": 80340,
    "index": 2
  },
  {
    "name": "Require(0) config/config.default.js",
    "start": 1607664686521,
    "end": 1607664686522,
    "duration": 1,
    "pid": 80340,
    "index": 3
  },
  {
    "name": "Require(1) node_modules/egg-session/config/config.default.js",
    "start": 1607664686524,
    "end": 1607664686525,
    "duration": 1,
    "pid": 80340,
    "index": 4
  },
  {
    "name": "Require(2) node_modules/egg-security/config/config.default.js",
    "start": 1607664686525,
    "end": 1607664686526,
    "duration": 1,
    "pid": 80340,
    "index": 5
  },
  {
    "name": "Require(3) node_modules/egg-jsonp/config/config.default.js",
    "start": 1607664686527,
    "end": 1607664686527,
    "duration": 0,
    "pid": 80340,
    "index": 6
  },
  {
    "name": "Require(4) node_modules/egg-onerror/config/config.default.js",
    "start": 1607664686528,
    "end": 1607664686528,
    "duration": 0,
    "pid": 80340,
    "index": 7
  },
  {
    "name": "Require(5) node_modules/egg-i18n/config/config.default.js",
    "start": 1607664686528,
    "end": 1607664686529,
    "duration": 1,
    "pid": 80340,
    "index": 8
  },
  {
    "name": "Require(6) node_modules/egg-watcher/config/config.default.js",
    "start": 1607664686529,
    "end": 1607664686529,
    "duration": 0,
    "pid": 80340,
    "index": 9
  },
  {
    "name": "Require(7) node_modules/egg-schedule/config/config.default.js",
    "start": 1607664686530,
    "end": 1607664686530,
    "duration": 0,
    "pid": 80340,
    "index": 10
  },
  {
    "name": "Require(8) node_modules/egg-multipart/config/config.default.js",
    "start": 1607664686532,
    "end": 1607664686533,
    "duration": 1,
    "pid": 80340,
    "index": 11
  },
  {
    "name": "Require(9) node_modules/egg-development/config/config.default.js",
    "start": 1607664686534,
    "end": 1607664686535,
    "duration": 1,
    "pid": 80340,
    "index": 12
  },
  {
    "name": "Require(10) node_modules/egg-logrotator/config/config.default.js",
    "start": 1607664686536,
    "end": 1607664686536,
    "duration": 0,
    "pid": 80340,
    "index": 13
  },
  {
    "name": "Require(11) node_modules/egg-static/config/config.default.js",
    "start": 1607664686537,
    "end": 1607664686537,
    "duration": 0,
    "pid": 80340,
    "index": 14
  },
  {
    "name": "Require(12) node_modules/egg-view/config/config.default.js",
    "start": 1607664686538,
    "end": 1607664686539,
    "duration": 1,
    "pid": 80340,
    "index": 15
  },
  {
    "name": "Require(13) node_modules/egg-mysql/config/config.default.js",
    "start": 1607664686539,
    "end": 1607664686540,
    "duration": 1,
    "pid": 80340,
    "index": 16
  },
  {
    "name": "Require(14) node_modules/egg-cors/config/config.default.js",
    "start": 1607664686540,
    "end": 1607664686541,
    "duration": 1,
    "pid": 80340,
    "index": 17
  },
  {
    "name": "Require(15) node_modules/egg/config/config.default.js",
    "start": 1607664686543,
    "end": 1607664686544,
    "duration": 1,
    "pid": 80340,
    "index": 18
  },
  {
    "name": "Require(16) config/config.default.js",
    "start": 1607664686546,
    "end": 1607664686546,
    "duration": 0,
    "pid": 80340,
    "index": 19
  },
  {
    "name": "Require(17) node_modules/egg-security/config/config.local.js",
    "start": 1607664686546,
    "end": 1607664686546,
    "duration": 0,
    "pid": 80340,
    "index": 20
  },
  {
    "name": "Require(18) node_modules/egg-watcher/config/config.local.js",
    "start": 1607664686548,
    "end": 1607664686549,
    "duration": 1,
    "pid": 80340,
    "index": 21
  },
  {
    "name": "Require(19) node_modules/egg-view/config/config.local.js",
    "start": 1607664686549,
    "end": 1607664686550,
    "duration": 1,
    "pid": 80340,
    "index": 22
  },
  {
    "name": "Require(20) node_modules/egg/config/config.local.js",
    "start": 1607664686551,
    "end": 1607664686552,
    "duration": 1,
    "pid": 80340,
    "index": 23
  },
  {
    "name": "Load extend/application.js",
    "start": 1607664686553,
    "end": 1607664686582,
    "duration": 29,
    "pid": 80340,
    "index": 24
  },
  {
    "name": "Require(21) node_modules/egg-session/app/extend/application.js",
    "start": 1607664686553,
    "end": 1607664686554,
    "duration": 1,
    "pid": 80340,
    "index": 25
  },
  {
    "name": "Require(22) node_modules/egg-security/app/extend/application.js",
    "start": 1607664686555,
    "end": 1607664686556,
    "duration": 1,
    "pid": 80340,
    "index": 26
  },
  {
    "name": "Require(23) node_modules/egg-jsonp/app/extend/application.js",
    "start": 1607664686556,
    "end": 1607664686560,
    "duration": 4,
    "pid": 80340,
    "index": 27
  },
  {
    "name": "Require(24) node_modules/egg-logrotator/app/extend/application.js",
    "start": 1607664686571,
    "end": 1607664686573,
    "duration": 2,
    "pid": 80340,
    "index": 28
  },
  {
    "name": "Require(25) node_modules/egg-view/app/extend/application.js",
    "start": 1607664686574,
    "end": 1607664686579,
    "duration": 5,
    "pid": 80340,
    "index": 29
  },
  {
    "name": "Load extend/request.js",
    "start": 1607664686583,
    "end": 1607664686593,
    "duration": 10,
    "pid": 80340,
    "index": 30
  },
  {
    "name": "Require(26) node_modules/egg/app/extend/request.js",
    "start": 1607664686590,
    "end": 1607664686591,
    "duration": 1,
    "pid": 80340,
    "index": 31
  },
  {
    "name": "Load extend/response.js",
    "start": 1607664686593,
    "end": 1607664686607,
    "duration": 14,
    "pid": 80340,
    "index": 32
  },
  {
    "name": "Require(27) node_modules/egg/app/extend/response.js",
    "start": 1607664686600,
    "end": 1607664686604,
    "duration": 4,
    "pid": 80340,
    "index": 33
  },
  {
    "name": "Load extend/context.js",
    "start": 1607664686607,
    "end": 1607664686709,
    "duration": 102,
    "pid": 80340,
    "index": 34
  },
  {
    "name": "Require(28) node_modules/egg-security/app/extend/context.js",
    "start": 1607664686607,
    "end": 1607664686618,
    "duration": 11,
    "pid": 80340,
    "index": 35
  },
  {
    "name": "Require(29) node_modules/egg-jsonp/app/extend/context.js",
    "start": 1607664686619,
    "end": 1607664686621,
    "duration": 2,
    "pid": 80340,
    "index": 36
  },
  {
    "name": "Require(30) node_modules/egg-i18n/app/extend/context.js",
    "start": 1607664686622,
    "end": 1607664686622,
    "duration": 0,
    "pid": 80340,
    "index": 37
  },
  {
    "name": "Require(31) node_modules/egg-multipart/app/extend/context.js",
    "start": 1607664686623,
    "end": 1607664686705,
    "duration": 82,
    "pid": 80340,
    "index": 38
  },
  {
    "name": "Require(32) node_modules/egg-view/app/extend/context.js",
    "start": 1607664686705,
    "end": 1607664686706,
    "duration": 1,
    "pid": 80340,
    "index": 39
  },
  {
    "name": "Require(33) node_modules/egg/app/extend/context.js",
    "start": 1607664686706,
    "end": 1607664686707,
    "duration": 1,
    "pid": 80340,
    "index": 40
  },
  {
    "name": "Load extend/helper.js",
    "start": 1607664686710,
    "end": 1607664686756,
    "duration": 46,
    "pid": 80340,
    "index": 41
  },
  {
    "name": "Require(34) node_modules/egg-security/app/extend/helper.js",
    "start": 1607664686710,
    "end": 1607664686749,
    "duration": 39,
    "pid": 80340,
    "index": 42
  },
  {
    "name": "Require(35) node_modules/egg/app/extend/helper.js",
    "start": 1607664686752,
    "end": 1607664686753,
    "duration": 1,
    "pid": 80340,
    "index": 43
  },
  {
    "name": "Load app.js",
    "start": 1607664686756,
    "end": 1607664686875,
    "duration": 119,
    "pid": 80340,
    "index": 44
  },
  {
    "name": "Require(36) node_modules/egg-session/app.js",
    "start": 1607664686758,
    "end": 1607664686758,
    "duration": 0,
    "pid": 80340,
    "index": 45
  },
  {
    "name": "Require(37) node_modules/egg-security/app.js",
    "start": 1607664686759,
    "end": 1607664686762,
    "duration": 3,
    "pid": 80340,
    "index": 46
  },
  {
    "name": "Require(38) node_modules/egg-onerror/app.js",
    "start": 1607664686762,
    "end": 1607664686788,
    "duration": 26,
    "pid": 80340,
    "index": 47
  },
  {
    "name": "Require(39) node_modules/egg-i18n/app.js",
    "start": 1607664686788,
    "end": 1607664686816,
    "duration": 28,
    "pid": 80340,
    "index": 48
  },
  {
    "name": "Require(40) node_modules/egg-watcher/app.js",
    "start": 1607664686817,
    "end": 1607664686821,
    "duration": 4,
    "pid": 80340,
    "index": 49
  },
  {
    "name": "Require(41) node_modules/egg-schedule/app.js",
    "start": 1607664686821,
    "end": 1607664686823,
    "duration": 2,
    "pid": 80340,
    "index": 50
  },
  {
    "name": "Require(42) node_modules/egg-multipart/app.js",
    "start": 1607664686824,
    "end": 1607664686829,
    "duration": 5,
    "pid": 80340,
    "index": 51
  },
  {
    "name": "Require(43) node_modules/egg-development/app.js",
    "start": 1607664686829,
    "end": 1607664686835,
    "duration": 6,
    "pid": 80340,
    "index": 52
  },
  {
    "name": "Require(44) node_modules/egg-logrotator/app.js",
    "start": 1607664686838,
    "end": 1607664686839,
    "duration": 1,
    "pid": 80340,
    "index": 53
  },
  {
    "name": "Require(45) node_modules/egg-static/app.js",
    "start": 1607664686840,
    "end": 1607664686841,
    "duration": 1,
    "pid": 80340,
    "index": 54
  },
  {
    "name": "Require(46) node_modules/egg-mysql/app.js",
    "start": 1607664686842,
    "end": 1607664686861,
    "duration": 19,
    "pid": 80340,
    "index": 55
  },
  {
    "name": "Require(47) node_modules/egg-cors/app.js",
    "start": 1607664686873,
    "end": 1607664686874,
    "duration": 1,
    "pid": 80340,
    "index": 56
  },
  {
    "name": "Before Start in node_modules/egg-watcher/lib/init.js:15:14",
    "start": 1607664686904,
    "end": 1607664689621,
    "duration": 2717,
    "pid": 80340,
    "index": 57
  },
  {
    "name": "Before Start in node_modules/egg-mysql/lib/mysql.js:20:7",
    "start": 1607664687168,
    "end": 1607664689688,
    "duration": 2520,
    "pid": 80340,
    "index": 58
  },
  {
    "name": "Load Service",
    "start": 1607664687169,
    "end": 1607664688572,
    "duration": 1403,
    "pid": 80340,
    "index": 59
  },
  {
    "name": "Load \"service\" to Context",
    "start": 1607664687169,
    "end": 1607664688572,
    "duration": 1403,
    "pid": 80340,
    "index": 60
  },
  {
    "name": "Load Middleware",
    "start": 1607664688572,
    "end": 1607664688788,
    "duration": 216,
    "pid": 80340,
    "index": 61
  },
  {
    "name": "Load \"middlewares\" to Application",
    "start": 1607664688573,
    "end": 1607664688762,
    "duration": 189,
    "pid": 80340,
    "index": 62
  },
  {
    "name": "Load Controller",
    "start": 1607664688788,
    "end": 1607664689407,
    "duration": 619,
    "pid": 80340,
    "index": 63
  },
  {
    "name": "Load \"controller\" to Application",
    "start": 1607664688788,
    "end": 1607664689407,
    "duration": 619,
    "pid": 80340,
    "index": 64
  },
  {
    "name": "Load Router",
    "start": 1607664689407,
    "end": 1607664689412,
    "duration": 5,
    "pid": 80340,
    "index": 65
  },
  {
    "name": "Require(48) app/router.js",
    "start": 1607664689408,
    "end": 1607664689408,
    "duration": 0,
    "pid": 80340,
    "index": 66
  },
  {
    "name": "Before Start in node_modules/egg-core/lib/egg.js:303:10",
    "start": 1607664689409,
    "end": 1607664689450,
    "duration": 41,
    "pid": 80340,
    "index": 67
  }
]