[
  {
    "name": "Application Start",
    "start": 1604900703853,
    "end": 1604900705336,
    "duration": 1483,
    "pid": 61846,
    "index": 0
  },
  {
    "name": "Load Plugin",
    "start": 1604900703857,
    "end": 1604900703871,
    "duration": 14,
    "pid": 61846,
    "index": 1
  },
  {
    "name": "Load Config",
    "start": 1604900703871,
    "end": 1604900703896,
    "duration": 25,
    "pid": 61846,
    "index": 2
  },
  {
    "name": "Require(0) config/config.default.js",
    "start": 1604900703872,
    "end": 1604900703872,
    "duration": 0,
    "pid": 61846,
    "index": 3
  },
  {
    "name": "Require(1) node_modules/egg-session/config/config.default.js",
    "start": 1604900703873,
    "end": 1604900703874,
    "duration": 1,
    "pid": 61846,
    "index": 4
  },
  {
    "name": "Require(2) node_modules/egg-security/config/config.default.js",
    "start": 1604900703874,
    "end": 1604900703875,
    "duration": 1,
    "pid": 61846,
    "index": 5
  },
  {
    "name": "Require(3) node_modules/egg-jsonp/config/config.default.js",
    "start": 1604900703877,
    "end": 1604900703878,
    "duration": 1,
    "pid": 61846,
    "index": 6
  },
  {
    "name": "Require(4) node_modules/egg-onerror/config/config.default.js",
    "start": 1604900703878,
    "end": 1604900703879,
    "duration": 1,
    "pid": 61846,
    "index": 7
  },
  {
    "name": "Require(5) node_modules/egg-i18n/config/config.default.js",
    "start": 1604900703879,
    "end": 1604900703880,
    "duration": 1,
    "pid": 61846,
    "index": 8
  },
  {
    "name": "Require(6) node_modules/egg-watcher/config/config.default.js",
    "start": 1604900703880,
    "end": 1604900703881,
    "duration": 1,
    "pid": 61846,
    "index": 9
  },
  {
    "name": "Require(7) node_modules/egg-schedule/config/config.default.js",
    "start": 1604900703881,
    "end": 1604900703881,
    "duration": 0,
    "pid": 61846,
    "index": 10
  },
  {
    "name": "Require(8) node_modules/egg-multipart/config/config.default.js",
    "start": 1604900703882,
    "end": 1604900703884,
    "duration": 2,
    "pid": 61846,
    "index": 11
  },
  {
    "name": "Require(9) node_modules/egg-development/config/config.default.js",
    "start": 1604900703885,
    "end": 1604900703885,
    "duration": 0,
    "pid": 61846,
    "index": 12
  },
  {
    "name": "Require(10) node_modules/egg-logrotator/config/config.default.js",
    "start": 1604900703885,
    "end": 1604900703886,
    "duration": 1,
    "pid": 61846,
    "index": 13
  },
  {
    "name": "Require(11) node_modules/egg-static/config/config.default.js",
    "start": 1604900703886,
    "end": 1604900703887,
    "duration": 1,
    "pid": 61846,
    "index": 14
  },
  {
    "name": "Require(12) node_modules/egg-view/config/config.default.js",
    "start": 1604900703887,
    "end": 1604900703888,
    "duration": 1,
    "pid": 61846,
    "index": 15
  },
  {
    "name": "Require(13) node_modules/egg-mysql/config/config.default.js",
    "start": 1604900703888,
    "end": 1604900703889,
    "duration": 1,
    "pid": 61846,
    "index": 16
  },
  {
    "name": "Require(14) node_modules/egg/config/config.default.js",
    "start": 1604900703889,
    "end": 1604900703890,
    "duration": 1,
    "pid": 61846,
    "index": 17
  },
  {
    "name": "Require(15) config/config.default.js",
    "start": 1604900703891,
    "end": 1604900703892,
    "duration": 1,
    "pid": 61846,
    "index": 18
  },
  {
    "name": "Require(16) node_modules/egg-security/config/config.local.js",
    "start": 1604900703892,
    "end": 1604900703893,
    "duration": 1,
    "pid": 61846,
    "index": 19
  },
  {
    "name": "Require(17) node_modules/egg-watcher/config/config.local.js",
    "start": 1604900703893,
    "end": 1604900703893,
    "duration": 0,
    "pid": 61846,
    "index": 20
  },
  {
    "name": "Require(18) node_modules/egg-view/config/config.local.js",
    "start": 1604900703894,
    "end": 1604900703894,
    "duration": 0,
    "pid": 61846,
    "index": 21
  },
  {
    "name": "Require(19) node_modules/egg/config/config.local.js",
    "start": 1604900703895,
    "end": 1604900703896,
    "duration": 1,
    "pid": 61846,
    "index": 22
  },
  {
    "name": "Load extend/application.js",
    "start": 1604900703897,
    "end": 1604900703904,
    "duration": 7,
    "pid": 61846,
    "index": 23
  },
  {
    "name": "Require(20) node_modules/egg-session/app/extend/application.js",
    "start": 1604900703897,
    "end": 1604900703898,
    "duration": 1,
    "pid": 61846,
    "index": 24
  },
  {
    "name": "Require(21) node_modules/egg-security/app/extend/application.js",
    "start": 1604900703898,
    "end": 1604900703899,
    "duration": 1,
    "pid": 61846,
    "index": 25
  },
  {
    "name": "Require(22) node_modules/egg-jsonp/app/extend/application.js",
    "start": 1604900703899,
    "end": 1604900703901,
    "duration": 2,
    "pid": 61846,
    "index": 26
  },
  {
    "name": "Require(23) node_modules/egg-logrotator/app/extend/application.js",
    "start": 1604900703901,
    "end": 1604900703903,
    "duration": 2,
    "pid": 61846,
    "index": 27
  },
  {
    "name": "Require(24) node_modules/egg-view/app/extend/application.js",
    "start": 1604900703903,
    "end": 1604900703904,
    "duration": 1,
    "pid": 61846,
    "index": 28
  },
  {
    "name": "Load extend/request.js",
    "start": 1604900703904,
    "end": 1604900703906,
    "duration": 2,
    "pid": 61846,
    "index": 29
  },
  {
    "name": "Require(25) node_modules/egg/app/extend/request.js",
    "start": 1604900703905,
    "end": 1604900703906,
    "duration": 1,
    "pid": 61846,
    "index": 30
  },
  {
    "name": "Load extend/response.js",
    "start": 1604900703906,
    "end": 1604900703909,
    "duration": 3,
    "pid": 61846,
    "index": 31
  },
  {
    "name": "Require(26) node_modules/egg/app/extend/response.js",
    "start": 1604900703907,
    "end": 1604900703908,
    "duration": 1,
    "pid": 61846,
    "index": 32
  },
  {
    "name": "Load extend/context.js",
    "start": 1604900703910,
    "end": 1604900703967,
    "duration": 57,
    "pid": 61846,
    "index": 33
  },
  {
    "name": "Require(27) node_modules/egg-security/app/extend/context.js",
    "start": 1604900703910,
    "end": 1604900703919,
    "duration": 9,
    "pid": 61846,
    "index": 34
  },
  {
    "name": "Require(28) node_modules/egg-jsonp/app/extend/context.js",
    "start": 1604900703920,
    "end": 1604900703922,
    "duration": 2,
    "pid": 61846,
    "index": 35
  },
  {
    "name": "Require(29) node_modules/egg-i18n/app/extend/context.js",
    "start": 1604900703922,
    "end": 1604900703923,
    "duration": 1,
    "pid": 61846,
    "index": 36
  },
  {
    "name": "Require(30) node_modules/egg-multipart/app/extend/context.js",
    "start": 1604900703923,
    "end": 1604900703963,
    "duration": 40,
    "pid": 61846,
    "index": 37
  },
  {
    "name": "Require(31) node_modules/egg-view/app/extend/context.js",
    "start": 1604900703963,
    "end": 1604900703965,
    "duration": 2,
    "pid": 61846,
    "index": 38
  },
  {
    "name": "Require(32) node_modules/egg/app/extend/context.js",
    "start": 1604900703965,
    "end": 1604900703966,
    "duration": 1,
    "pid": 61846,
    "index": 39
  },
  {
    "name": "Load extend/helper.js",
    "start": 1604900703967,
    "end": 1604900703983,
    "duration": 16,
    "pid": 61846,
    "index": 40
  },
  {
    "name": "Require(33) node_modules/egg-security/app/extend/helper.js",
    "start": 1604900703967,
    "end": 1604900703982,
    "duration": 15,
    "pid": 61846,
    "index": 41
  },
  {
    "name": "Require(34) node_modules/egg/app/extend/helper.js",
    "start": 1604900703982,
    "end": 1604900703983,
    "duration": 1,
    "pid": 61846,
    "index": 42
  },
  {
    "name": "Load app.js",
    "start": 1604900703984,
    "end": 1604900704022,
    "duration": 38,
    "pid": 61846,
    "index": 43
  },
  {
    "name": "Require(35) node_modules/egg-session/app.js",
    "start": 1604900703984,
    "end": 1604900703984,
    "duration": 0,
    "pid": 61846,
    "index": 44
  },
  {
    "name": "Require(36) node_modules/egg-security/app.js",
    "start": 1604900703984,
    "end": 1604900703985,
    "duration": 1,
    "pid": 61846,
    "index": 45
  },
  {
    "name": "Require(37) node_modules/egg-onerror/app.js",
    "start": 1604900703985,
    "end": 1604900703991,
    "duration": 6,
    "pid": 61846,
    "index": 46
  },
  {
    "name": "Require(38) node_modules/egg-i18n/app.js",
    "start": 1604900703991,
    "end": 1604900704002,
    "duration": 11,
    "pid": 61846,
    "index": 47
  },
  {
    "name": "Require(39) node_modules/egg-watcher/app.js",
    "start": 1604900704002,
    "end": 1604900704004,
    "duration": 2,
    "pid": 61846,
    "index": 48
  },
  {
    "name": "Require(40) node_modules/egg-schedule/app.js",
    "start": 1604900704004,
    "end": 1604900704005,
    "duration": 1,
    "pid": 61846,
    "index": 49
  },
  {
    "name": "Require(41) node_modules/egg-multipart/app.js",
    "start": 1604900704005,
    "end": 1604900704007,
    "duration": 2,
    "pid": 61846,
    "index": 50
  },
  {
    "name": "Require(42) node_modules/egg-development/app.js",
    "start": 1604900704007,
    "end": 1604900704007,
    "duration": 0,
    "pid": 61846,
    "index": 51
  },
  {
    "name": "Require(43) node_modules/egg-logrotator/app.js",
    "start": 1604900704008,
    "end": 1604900704008,
    "duration": 0,
    "pid": 61846,
    "index": 52
  },
  {
    "name": "Require(44) node_modules/egg-static/app.js",
    "start": 1604900704008,
    "end": 1604900704008,
    "duration": 0,
    "pid": 61846,
    "index": 53
  },
  {
    "name": "Require(45) node_modules/egg-mysql/app.js",
    "start": 1604900704009,
    "end": 1604900704021,
    "duration": 12,
    "pid": 61846,
    "index": 54
  },
  {
    "name": "Before Start in node_modules/egg-watcher/lib/init.js:15:14",
    "start": 1604900704028,
    "end": 1604900705332,
    "duration": 1304,
    "pid": 61846,
    "index": 55
  },
  {
    "name": "Before Start in node_modules/egg-mysql/lib/mysql.js:20:7",
    "start": 1604900704166,
    "end": 1604900705335,
    "duration": 1169,
    "pid": 61846,
    "index": 56
  },
  {
    "name": "Load Service",
    "start": 1604900704166,
    "end": 1604900705109,
    "duration": 943,
    "pid": 61846,
    "index": 57
  },
  {
    "name": "Load \"service\" to Context",
    "start": 1604900704167,
    "end": 1604900705109,
    "duration": 942,
    "pid": 61846,
    "index": 58
  },
  {
    "name": "Load Middleware",
    "start": 1604900705109,
    "end": 1604900705252,
    "duration": 143,
    "pid": 61846,
    "index": 59
  },
  {
    "name": "Load \"middlewares\" to Application",
    "start": 1604900705109,
    "end": 1604900705238,
    "duration": 129,
    "pid": 61846,
    "index": 60
  },
  {
    "name": "Load Controller",
    "start": 1604900705252,
    "end": 1604900705263,
    "duration": 11,
    "pid": 61846,
    "index": 61
  },
  {
    "name": "Load \"controller\" to Application",
    "start": 1604900705252,
    "end": 1604900705263,
    "duration": 11,
    "pid": 61846,
    "index": 62
  },
  {
    "name": "Load Router",
    "start": 1604900705263,
    "end": 1604900705265,
    "duration": 2,
    "pid": 61846,
    "index": 63
  },
  {
    "name": "Require(46) app/router.js",
    "start": 1604900705263,
    "end": 1604900705264,
    "duration": 1,
    "pid": 61846,
    "index": 64
  },
  {
    "name": "Before Start in node_modules/egg-core/lib/egg.js:303:10",
    "start": 1604900705264,
    "end": 1604900705280,
    "duration": 16,
    "pid": 61846,
    "index": 65
  }
]