[
  {
    "name": "Application Start",
    "start": 1604900103387,
    "end": 1604900104692,
    "duration": 1305,
    "pid": 46339,
    "index": 0
  },
  {
    "name": "Load Plugin",
    "start": 1604900103391,
    "end": 1604900103401,
    "duration": 10,
    "pid": 46339,
    "index": 1
  },
  {
    "name": "Load Config",
    "start": 1604900103401,
    "end": 1604900103418,
    "duration": 17,
    "pid": 46339,
    "index": 2
  },
  {
    "name": "Require(0) config/config.default.js",
    "start": 1604900103401,
    "end": 1604900103401,
    "duration": 0,
    "pid": 46339,
    "index": 3
  },
  {
    "name": "Require(1) node_modules/egg-session/config/config.default.js",
    "start": 1604900103402,
    "end": 1604900103403,
    "duration": 1,
    "pid": 46339,
    "index": 4
  },
  {
    "name": "Require(2) node_modules/egg-security/config/config.default.js",
    "start": 1604900103403,
    "end": 1604900103403,
    "duration": 0,
    "pid": 46339,
    "index": 5
  },
  {
    "name": "Require(3) node_modules/egg-jsonp/config/config.default.js",
    "start": 1604900103404,
    "end": 1604900103404,
    "duration": 0,
    "pid": 46339,
    "index": 6
  },
  {
    "name": "Require(4) node_modules/egg-onerror/config/config.default.js",
    "start": 1604900103405,
    "end": 1604900103405,
    "duration": 0,
    "pid": 46339,
    "index": 7
  },
  {
    "name": "Require(5) node_modules/egg-i18n/config/config.default.js",
    "start": 1604900103406,
    "end": 1604900103406,
    "duration": 0,
    "pid": 46339,
    "index": 8
  },
  {
    "name": "Require(6) node_modules/egg-watcher/config/config.default.js",
    "start": 1604900103406,
    "end": 1604900103407,
    "duration": 1,
    "pid": 46339,
    "index": 9
  },
  {
    "name": "Require(7) node_modules/egg-schedule/config/config.default.js",
    "start": 1604900103407,
    "end": 1604900103407,
    "duration": 0,
    "pid": 46339,
    "index": 10
  },
  {
    "name": "Require(8) node_modules/egg-multipart/config/config.default.js",
    "start": 1604900103408,
    "end": 1604900103408,
    "duration": 0,
    "pid": 46339,
    "index": 11
  },
  {
    "name": "Require(9) node_modules/egg-development/config/config.default.js",
    "start": 1604900103408,
    "end": 1604900103410,
    "duration": 2,
    "pid": 46339,
    "index": 12
  },
  {
    "name": "Require(10) node_modules/egg-logrotator/config/config.default.js",
    "start": 1604900103410,
    "end": 1604900103411,
    "duration": 1,
    "pid": 46339,
    "index": 13
  },
  {
    "name": "Require(11) node_modules/egg-static/config/config.default.js",
    "start": 1604900103411,
    "end": 1604900103412,
    "duration": 1,
    "pid": 46339,
    "index": 14
  },
  {
    "name": "Require(12) node_modules/egg-view/config/config.default.js",
    "start": 1604900103412,
    "end": 1604900103413,
    "duration": 1,
    "pid": 46339,
    "index": 15
  },
  {
    "name": "Require(13) node_modules/egg-mysql/config/config.default.js",
    "start": 1604900103413,
    "end": 1604900103413,
    "duration": 0,
    "pid": 46339,
    "index": 16
  },
  {
    "name": "Require(14) node_modules/egg/config/config.default.js",
    "start": 1604900103413,
    "end": 1604900103414,
    "duration": 1,
    "pid": 46339,
    "index": 17
  },
  {
    "name": "Require(15) config/config.default.js",
    "start": 1604900103416,
    "end": 1604900103416,
    "duration": 0,
    "pid": 46339,
    "index": 18
  },
  {
    "name": "Require(16) node_modules/egg-security/config/config.local.js",
    "start": 1604900103416,
    "end": 1604900103416,
    "duration": 0,
    "pid": 46339,
    "index": 19
  },
  {
    "name": "Require(17) node_modules/egg-watcher/config/config.local.js",
    "start": 1604900103416,
    "end": 1604900103417,
    "duration": 1,
    "pid": 46339,
    "index": 20
  },
  {
    "name": "Require(18) node_modules/egg-view/config/config.local.js",
    "start": 1604900103417,
    "end": 1604900103417,
    "duration": 0,
    "pid": 46339,
    "index": 21
  },
  {
    "name": "Require(19) node_modules/egg/config/config.local.js",
    "start": 1604900103417,
    "end": 1604900103418,
    "duration": 1,
    "pid": 46339,
    "index": 22
  },
  {
    "name": "Load extend/application.js",
    "start": 1604900103418,
    "end": 1604900103426,
    "duration": 8,
    "pid": 46339,
    "index": 23
  },
  {
    "name": "Require(20) node_modules/egg-session/app/extend/application.js",
    "start": 1604900103419,
    "end": 1604900103419,
    "duration": 0,
    "pid": 46339,
    "index": 24
  },
  {
    "name": "Require(21) node_modules/egg-security/app/extend/application.js",
    "start": 1604900103419,
    "end": 1604900103422,
    "duration": 3,
    "pid": 46339,
    "index": 25
  },
  {
    "name": "Require(22) node_modules/egg-jsonp/app/extend/application.js",
    "start": 1604900103422,
    "end": 1604900103423,
    "duration": 1,
    "pid": 46339,
    "index": 26
  },
  {
    "name": "Require(23) node_modules/egg-logrotator/app/extend/application.js",
    "start": 1604900103423,
    "end": 1604900103424,
    "duration": 1,
    "pid": 46339,
    "index": 27
  },
  {
    "name": "Require(24) node_modules/egg-view/app/extend/application.js",
    "start": 1604900103424,
    "end": 1604900103425,
    "duration": 1,
    "pid": 46339,
    "index": 28
  },
  {
    "name": "Load extend/request.js",
    "start": 1604900103426,
    "end": 1604900103427,
    "duration": 1,
    "pid": 46339,
    "index": 29
  },
  {
    "name": "Require(25) node_modules/egg/app/extend/request.js",
    "start": 1604900103426,
    "end": 1604900103427,
    "duration": 1,
    "pid": 46339,
    "index": 30
  },
  {
    "name": "Load extend/response.js",
    "start": 1604900103428,
    "end": 1604900103430,
    "duration": 2,
    "pid": 46339,
    "index": 31
  },
  {
    "name": "Require(26) node_modules/egg/app/extend/response.js",
    "start": 1604900103428,
    "end": 1604900103429,
    "duration": 1,
    "pid": 46339,
    "index": 32
  },
  {
    "name": "Load extend/context.js",
    "start": 1604900103430,
    "end": 1604900103480,
    "duration": 50,
    "pid": 46339,
    "index": 33
  },
  {
    "name": "Require(27) node_modules/egg-security/app/extend/context.js",
    "start": 1604900103430,
    "end": 1604900103440,
    "duration": 10,
    "pid": 46339,
    "index": 34
  },
  {
    "name": "Require(28) node_modules/egg-jsonp/app/extend/context.js",
    "start": 1604900103440,
    "end": 1604900103443,
    "duration": 3,
    "pid": 46339,
    "index": 35
  },
  {
    "name": "Require(29) node_modules/egg-i18n/app/extend/context.js",
    "start": 1604900103443,
    "end": 1604900103443,
    "duration": 0,
    "pid": 46339,
    "index": 36
  },
  {
    "name": "Require(30) node_modules/egg-multipart/app/extend/context.js",
    "start": 1604900103443,
    "end": 1604900103476,
    "duration": 33,
    "pid": 46339,
    "index": 37
  },
  {
    "name": "Require(31) node_modules/egg-view/app/extend/context.js",
    "start": 1604900103476,
    "end": 1604900103478,
    "duration": 2,
    "pid": 46339,
    "index": 38
  },
  {
    "name": "Require(32) node_modules/egg/app/extend/context.js",
    "start": 1604900103478,
    "end": 1604900103479,
    "duration": 1,
    "pid": 46339,
    "index": 39
  },
  {
    "name": "Load extend/helper.js",
    "start": 1604900103480,
    "end": 1604900103501,
    "duration": 21,
    "pid": 46339,
    "index": 40
  },
  {
    "name": "Require(33) node_modules/egg-security/app/extend/helper.js",
    "start": 1604900103480,
    "end": 1604900103500,
    "duration": 20,
    "pid": 46339,
    "index": 41
  },
  {
    "name": "Require(34) node_modules/egg/app/extend/helper.js",
    "start": 1604900103500,
    "end": 1604900103501,
    "duration": 1,
    "pid": 46339,
    "index": 42
  },
  {
    "name": "Load app.js",
    "start": 1604900103502,
    "end": 1604900103562,
    "duration": 60,
    "pid": 46339,
    "index": 43
  },
  {
    "name": "Require(35) node_modules/egg-session/app.js",
    "start": 1604900103502,
    "end": 1604900103502,
    "duration": 0,
    "pid": 46339,
    "index": 44
  },
  {
    "name": "Require(36) node_modules/egg-security/app.js",
    "start": 1604900103502,
    "end": 1604900103504,
    "duration": 2,
    "pid": 46339,
    "index": 45
  },
  {
    "name": "Require(37) node_modules/egg-onerror/app.js",
    "start": 1604900103504,
    "end": 1604900103513,
    "duration": 9,
    "pid": 46339,
    "index": 46
  },
  {
    "name": "Require(38) node_modules/egg-i18n/app.js",
    "start": 1604900103513,
    "end": 1604900103526,
    "duration": 13,
    "pid": 46339,
    "index": 47
  },
  {
    "name": "Require(39) node_modules/egg-watcher/app.js",
    "start": 1604900103526,
    "end": 1604900103531,
    "duration": 5,
    "pid": 46339,
    "index": 48
  },
  {
    "name": "Require(40) node_modules/egg-schedule/app.js",
    "start": 1604900103532,
    "end": 1604900103533,
    "duration": 1,
    "pid": 46339,
    "index": 49
  },
  {
    "name": "Require(41) node_modules/egg-multipart/app.js",
    "start": 1604900103533,
    "end": 1604900103536,
    "duration": 3,
    "pid": 46339,
    "index": 50
  },
  {
    "name": "Require(42) node_modules/egg-development/app.js",
    "start": 1604900103536,
    "end": 1604900103537,
    "duration": 1,
    "pid": 46339,
    "index": 51
  },
  {
    "name": "Require(43) node_modules/egg-logrotator/app.js",
    "start": 1604900103537,
    "end": 1604900103537,
    "duration": 0,
    "pid": 46339,
    "index": 52
  },
  {
    "name": "Require(44) node_modules/egg-static/app.js",
    "start": 1604900103537,
    "end": 1604900103538,
    "duration": 1,
    "pid": 46339,
    "index": 53
  },
  {
    "name": "Require(45) node_modules/egg-mysql/app.js",
    "start": 1604900103538,
    "end": 1604900103561,
    "duration": 23,
    "pid": 46339,
    "index": 54
  },
  {
    "name": "Before Start in node_modules/egg-watcher/lib/init.js:15:14",
    "start": 1604900103572,
    "end": 1604900104685,
    "duration": 1113,
    "pid": 46339,
    "index": 55
  },
  {
    "name": "Before Start in node_modules/egg-mysql/lib/mysql.js:20:7",
    "start": 1604900103691,
    "end": 1604900104692,
    "duration": 1001,
    "pid": 46339,
    "index": 56
  },
  {
    "name": "Load Service",
    "start": 1604900103691,
    "end": 1604900104541,
    "duration": 850,
    "pid": 46339,
    "index": 57
  },
  {
    "name": "Load \"service\" to Context",
    "start": 1604900103692,
    "end": 1604900104541,
    "duration": 849,
    "pid": 46339,
    "index": 58
  },
  {
    "name": "Load Middleware",
    "start": 1604900104541,
    "end": 1604900104635,
    "duration": 94,
    "pid": 46339,
    "index": 59
  },
  {
    "name": "Load \"middlewares\" to Application",
    "start": 1604900104541,
    "end": 1604900104623,
    "duration": 82,
    "pid": 46339,
    "index": 60
  },
  {
    "name": "Load Controller",
    "start": 1604900104635,
    "end": 1604900104649,
    "duration": 14,
    "pid": 46339,
    "index": 61
  },
  {
    "name": "Load \"controller\" to Application",
    "start": 1604900104635,
    "end": 1604900104649,
    "duration": 14,
    "pid": 46339,
    "index": 62
  },
  {
    "name": "Load Router",
    "start": 1604900104649,
    "end": 1604900104651,
    "duration": 2,
    "pid": 46339,
    "index": 63
  },
  {
    "name": "Require(46) app/router.js",
    "start": 1604900104649,
    "end": 1604900104650,
    "duration": 1,
    "pid": 46339,
    "index": 64
  },
  {
    "name": "Before Start in node_modules/egg-core/lib/egg.js:303:10",
    "start": 1604900104650,
    "end": 1604900104660,
    "duration": 10,
    "pid": 46339,
    "index": 65
  }
]