[
  {
    "name": "Application Start",
    "start": 1604900034316,
    "end": 1604900035578,
    "duration": 1262,
    "pid": 44445,
    "index": 0
  },
  {
    "name": "Load Plugin",
    "start": 1604900034321,
    "end": 1604900034337,
    "duration": 16,
    "pid": 44445,
    "index": 1
  },
  {
    "name": "Load Config",
    "start": 1604900034337,
    "end": 1604900034362,
    "duration": 25,
    "pid": 44445,
    "index": 2
  },
  {
    "name": "Require(0) config/config.default.js",
    "start": 1604900034338,
    "end": 1604900034339,
    "duration": 1,
    "pid": 44445,
    "index": 3
  },
  {
    "name": "Require(1) node_modules/egg-session/config/config.default.js",
    "start": 1604900034341,
    "end": 1604900034341,
    "duration": 0,
    "pid": 44445,
    "index": 4
  },
  {
    "name": "Require(2) node_modules/egg-security/config/config.default.js",
    "start": 1604900034342,
    "end": 1604900034342,
    "duration": 0,
    "pid": 44445,
    "index": 5
  },
  {
    "name": "Require(3) node_modules/egg-jsonp/config/config.default.js",
    "start": 1604900034343,
    "end": 1604900034344,
    "duration": 1,
    "pid": 44445,
    "index": 6
  },
  {
    "name": "Require(4) node_modules/egg-onerror/config/config.default.js",
    "start": 1604900034344,
    "end": 1604900034345,
    "duration": 1,
    "pid": 44445,
    "index": 7
  },
  {
    "name": "Require(5) node_modules/egg-i18n/config/config.default.js",
    "start": 1604900034345,
    "end": 1604900034346,
    "duration": 1,
    "pid": 44445,
    "index": 8
  },
  {
    "name": "Require(6) node_modules/egg-watcher/config/config.default.js",
    "start": 1604900034346,
    "end": 1604900034347,
    "duration": 1,
    "pid": 44445,
    "index": 9
  },
  {
    "name": "Require(7) node_modules/egg-schedule/config/config.default.js",
    "start": 1604900034348,
    "end": 1604900034348,
    "duration": 0,
    "pid": 44445,
    "index": 10
  },
  {
    "name": "Require(8) node_modules/egg-multipart/config/config.default.js",
    "start": 1604900034349,
    "end": 1604900034350,
    "duration": 1,
    "pid": 44445,
    "index": 11
  },
  {
    "name": "Require(9) node_modules/egg-development/config/config.default.js",
    "start": 1604900034351,
    "end": 1604900034351,
    "duration": 0,
    "pid": 44445,
    "index": 12
  },
  {
    "name": "Require(10) node_modules/egg-logrotator/config/config.default.js",
    "start": 1604900034352,
    "end": 1604900034352,
    "duration": 0,
    "pid": 44445,
    "index": 13
  },
  {
    "name": "Require(11) node_modules/egg-static/config/config.default.js",
    "start": 1604900034353,
    "end": 1604900034353,
    "duration": 0,
    "pid": 44445,
    "index": 14
  },
  {
    "name": "Require(12) node_modules/egg-view/config/config.default.js",
    "start": 1604900034354,
    "end": 1604900034355,
    "duration": 1,
    "pid": 44445,
    "index": 15
  },
  {
    "name": "Require(13) node_modules/egg-mysql/config/config.default.js",
    "start": 1604900034355,
    "end": 1604900034356,
    "duration": 1,
    "pid": 44445,
    "index": 16
  },
  {
    "name": "Require(14) node_modules/egg/config/config.default.js",
    "start": 1604900034356,
    "end": 1604900034357,
    "duration": 1,
    "pid": 44445,
    "index": 17
  },
  {
    "name": "Require(15) config/config.default.js",
    "start": 1604900034359,
    "end": 1604900034359,
    "duration": 0,
    "pid": 44445,
    "index": 18
  },
  {
    "name": "Require(16) node_modules/egg-security/config/config.local.js",
    "start": 1604900034359,
    "end": 1604900034359,
    "duration": 0,
    "pid": 44445,
    "index": 19
  },
  {
    "name": "Require(17) node_modules/egg-watcher/config/config.local.js",
    "start": 1604900034360,
    "end": 1604900034360,
    "duration": 0,
    "pid": 44445,
    "index": 20
  },
  {
    "name": "Require(18) node_modules/egg-view/config/config.local.js",
    "start": 1604900034361,
    "end": 1604900034361,
    "duration": 0,
    "pid": 44445,
    "index": 21
  },
  {
    "name": "Require(19) node_modules/egg/config/config.local.js",
    "start": 1604900034361,
    "end": 1604900034362,
    "duration": 1,
    "pid": 44445,
    "index": 22
  },
  {
    "name": "Load extend/application.js",
    "start": 1604900034363,
    "end": 1604900034373,
    "duration": 10,
    "pid": 44445,
    "index": 23
  },
  {
    "name": "Require(20) node_modules/egg-session/app/extend/application.js",
    "start": 1604900034364,
    "end": 1604900034364,
    "duration": 0,
    "pid": 44445,
    "index": 24
  },
  {
    "name": "Require(21) node_modules/egg-security/app/extend/application.js",
    "start": 1604900034365,
    "end": 1604900034366,
    "duration": 1,
    "pid": 44445,
    "index": 25
  },
  {
    "name": "Require(22) node_modules/egg-jsonp/app/extend/application.js",
    "start": 1604900034366,
    "end": 1604900034368,
    "duration": 2,
    "pid": 44445,
    "index": 26
  },
  {
    "name": "Require(23) node_modules/egg-logrotator/app/extend/application.js",
    "start": 1604900034369,
    "end": 1604900034370,
    "duration": 1,
    "pid": 44445,
    "index": 27
  },
  {
    "name": "Require(24) node_modules/egg-view/app/extend/application.js",
    "start": 1604900034371,
    "end": 1604900034372,
    "duration": 1,
    "pid": 44445,
    "index": 28
  },
  {
    "name": "Load extend/request.js",
    "start": 1604900034373,
    "end": 1604900034376,
    "duration": 3,
    "pid": 44445,
    "index": 29
  },
  {
    "name": "Require(25) node_modules/egg/app/extend/request.js",
    "start": 1604900034374,
    "end": 1604900034375,
    "duration": 1,
    "pid": 44445,
    "index": 30
  },
  {
    "name": "Load extend/response.js",
    "start": 1604900034376,
    "end": 1604900034379,
    "duration": 3,
    "pid": 44445,
    "index": 31
  },
  {
    "name": "Require(26) node_modules/egg/app/extend/response.js",
    "start": 1604900034377,
    "end": 1604900034379,
    "duration": 2,
    "pid": 44445,
    "index": 32
  },
  {
    "name": "Load extend/context.js",
    "start": 1604900034379,
    "end": 1604900034436,
    "duration": 57,
    "pid": 44445,
    "index": 33
  },
  {
    "name": "Require(27) node_modules/egg-security/app/extend/context.js",
    "start": 1604900034379,
    "end": 1604900034390,
    "duration": 11,
    "pid": 44445,
    "index": 34
  },
  {
    "name": "Require(28) node_modules/egg-jsonp/app/extend/context.js",
    "start": 1604900034390,
    "end": 1604900034392,
    "duration": 2,
    "pid": 44445,
    "index": 35
  },
  {
    "name": "Require(29) node_modules/egg-i18n/app/extend/context.js",
    "start": 1604900034393,
    "end": 1604900034393,
    "duration": 0,
    "pid": 44445,
    "index": 36
  },
  {
    "name": "Require(30) node_modules/egg-multipart/app/extend/context.js",
    "start": 1604900034394,
    "end": 1604900034432,
    "duration": 38,
    "pid": 44445,
    "index": 37
  },
  {
    "name": "Require(31) node_modules/egg-view/app/extend/context.js",
    "start": 1604900034433,
    "end": 1604900034434,
    "duration": 1,
    "pid": 44445,
    "index": 38
  },
  {
    "name": "Require(32) node_modules/egg/app/extend/context.js",
    "start": 1604900034434,
    "end": 1604900034435,
    "duration": 1,
    "pid": 44445,
    "index": 39
  },
  {
    "name": "Load extend/helper.js",
    "start": 1604900034436,
    "end": 1604900034462,
    "duration": 26,
    "pid": 44445,
    "index": 40
  },
  {
    "name": "Require(33) node_modules/egg-security/app/extend/helper.js",
    "start": 1604900034436,
    "end": 1604900034460,
    "duration": 24,
    "pid": 44445,
    "index": 41
  },
  {
    "name": "Require(34) node_modules/egg/app/extend/helper.js",
    "start": 1604900034461,
    "end": 1604900034461,
    "duration": 0,
    "pid": 44445,
    "index": 42
  },
  {
    "name": "Load app.js",
    "start": 1604900034463,
    "end": 1604900034524,
    "duration": 61,
    "pid": 44445,
    "index": 43
  },
  {
    "name": "Require(35) node_modules/egg-session/app.js",
    "start": 1604900034463,
    "end": 1604900034463,
    "duration": 0,
    "pid": 44445,
    "index": 44
  },
  {
    "name": "Require(36) node_modules/egg-security/app.js",
    "start": 1604900034464,
    "end": 1604900034466,
    "duration": 2,
    "pid": 44445,
    "index": 45
  },
  {
    "name": "Require(37) node_modules/egg-onerror/app.js",
    "start": 1604900034466,
    "end": 1604900034476,
    "duration": 10,
    "pid": 44445,
    "index": 46
  },
  {
    "name": "Require(38) node_modules/egg-i18n/app.js",
    "start": 1604900034477,
    "end": 1604900034492,
    "duration": 15,
    "pid": 44445,
    "index": 47
  },
  {
    "name": "Require(39) node_modules/egg-watcher/app.js",
    "start": 1604900034493,
    "end": 1604900034497,
    "duration": 4,
    "pid": 44445,
    "index": 48
  },
  {
    "name": "Require(40) node_modules/egg-schedule/app.js",
    "start": 1604900034498,
    "end": 1604900034499,
    "duration": 1,
    "pid": 44445,
    "index": 49
  },
  {
    "name": "Require(41) node_modules/egg-multipart/app.js",
    "start": 1604900034500,
    "end": 1604900034503,
    "duration": 3,
    "pid": 44445,
    "index": 50
  },
  {
    "name": "Require(42) node_modules/egg-development/app.js",
    "start": 1604900034504,
    "end": 1604900034504,
    "duration": 0,
    "pid": 44445,
    "index": 51
  },
  {
    "name": "Require(43) node_modules/egg-logrotator/app.js",
    "start": 1604900034504,
    "end": 1604900034505,
    "duration": 1,
    "pid": 44445,
    "index": 52
  },
  {
    "name": "Require(44) node_modules/egg-static/app.js",
    "start": 1604900034505,
    "end": 1604900034506,
    "duration": 1,
    "pid": 44445,
    "index": 53
  },
  {
    "name": "Require(45) node_modules/egg-mysql/app.js",
    "start": 1604900034506,
    "end": 1604900034524,
    "duration": 18,
    "pid": 44445,
    "index": 54
  },
  {
    "name": "Before Start in node_modules/egg-watcher/lib/init.js:15:14",
    "start": 1604900034531,
    "end": 1604900035575,
    "duration": 1044,
    "pid": 44445,
    "index": 55
  },
  {
    "name": "Before Start in node_modules/egg-mysql/lib/mysql.js:20:7",
    "start": 1604900034624,
    "end": 1604900035577,
    "duration": 953,
    "pid": 44445,
    "index": 56
  },
  {
    "name": "Load Service",
    "start": 1604900034624,
    "end": 1604900035448,
    "duration": 824,
    "pid": 44445,
    "index": 57
  },
  {
    "name": "Load \"service\" to Context",
    "start": 1604900034625,
    "end": 1604900035448,
    "duration": 823,
    "pid": 44445,
    "index": 58
  },
  {
    "name": "Load Middleware",
    "start": 1604900035449,
    "end": 1604900035522,
    "duration": 73,
    "pid": 44445,
    "index": 59
  },
  {
    "name": "Load \"middlewares\" to Application",
    "start": 1604900035449,
    "end": 1604900035513,
    "duration": 64,
    "pid": 44445,
    "index": 60
  },
  {
    "name": "Load Controller",
    "start": 1604900035523,
    "end": 1604900035536,
    "duration": 13,
    "pid": 44445,
    "index": 61
  },
  {
    "name": "Load \"controller\" to Application",
    "start": 1604900035523,
    "end": 1604900035536,
    "duration": 13,
    "pid": 44445,
    "index": 62
  },
  {
    "name": "Load Router",
    "start": 1604900035536,
    "end": 1604900035538,
    "duration": 2,
    "pid": 44445,
    "index": 63
  },
  {
    "name": "Require(46) app/router.js",
    "start": 1604900035536,
    "end": 1604900035536,
    "duration": 0,
    "pid": 44445,
    "index": 64
  },
  {
    "name": "Before Start in node_modules/egg-core/lib/egg.js:303:10",
    "start": 1604900035537,
    "end": 1604900035547,
    "duration": 10,
    "pid": 44445,
    "index": 65
  }
]