[
  {
    "name": "Application Start",
    "start": 1604900736496,
    "end": 1604900737665,
    "duration": 1169,
    "pid": 62935,
    "index": 0
  },
  {
    "name": "Load Plugin",
    "start": 1604900736501,
    "end": 1604900736515,
    "duration": 14,
    "pid": 62935,
    "index": 1
  },
  {
    "name": "Load Config",
    "start": 1604900736515,
    "end": 1604900736530,
    "duration": 15,
    "pid": 62935,
    "index": 2
  },
  {
    "name": "Require(0) config/config.default.js",
    "start": 1604900736515,
    "end": 1604900736516,
    "duration": 1,
    "pid": 62935,
    "index": 3
  },
  {
    "name": "Require(1) node_modules/egg-session/config/config.default.js",
    "start": 1604900736517,
    "end": 1604900736517,
    "duration": 0,
    "pid": 62935,
    "index": 4
  },
  {
    "name": "Require(2) node_modules/egg-security/config/config.default.js",
    "start": 1604900736517,
    "end": 1604900736518,
    "duration": 1,
    "pid": 62935,
    "index": 5
  },
  {
    "name": "Require(3) node_modules/egg-jsonp/config/config.default.js",
    "start": 1604900736518,
    "end": 1604900736519,
    "duration": 1,
    "pid": 62935,
    "index": 6
  },
  {
    "name": "Require(4) node_modules/egg-onerror/config/config.default.js",
    "start": 1604900736519,
    "end": 1604900736519,
    "duration": 0,
    "pid": 62935,
    "index": 7
  },
  {
    "name": "Require(5) node_modules/egg-i18n/config/config.default.js",
    "start": 1604900736520,
    "end": 1604900736520,
    "duration": 0,
    "pid": 62935,
    "index": 8
  },
  {
    "name": "Require(6) node_modules/egg-watcher/config/config.default.js",
    "start": 1604900736520,
    "end": 1604900736521,
    "duration": 1,
    "pid": 62935,
    "index": 9
  },
  {
    "name": "Require(7) node_modules/egg-schedule/config/config.default.js",
    "start": 1604900736521,
    "end": 1604900736521,
    "duration": 0,
    "pid": 62935,
    "index": 10
  },
  {
    "name": "Require(8) node_modules/egg-multipart/config/config.default.js",
    "start": 1604900736521,
    "end": 1604900736522,
    "duration": 1,
    "pid": 62935,
    "index": 11
  },
  {
    "name": "Require(9) node_modules/egg-development/config/config.default.js",
    "start": 1604900736522,
    "end": 1604900736523,
    "duration": 1,
    "pid": 62935,
    "index": 12
  },
  {
    "name": "Require(10) node_modules/egg-logrotator/config/config.default.js",
    "start": 1604900736523,
    "end": 1604900736524,
    "duration": 1,
    "pid": 62935,
    "index": 13
  },
  {
    "name": "Require(11) node_modules/egg-static/config/config.default.js",
    "start": 1604900736524,
    "end": 1604900736524,
    "duration": 0,
    "pid": 62935,
    "index": 14
  },
  {
    "name": "Require(12) node_modules/egg-view/config/config.default.js",
    "start": 1604900736525,
    "end": 1604900736525,
    "duration": 0,
    "pid": 62935,
    "index": 15
  },
  {
    "name": "Require(13) node_modules/egg-mysql/config/config.default.js",
    "start": 1604900736525,
    "end": 1604900736526,
    "duration": 1,
    "pid": 62935,
    "index": 16
  },
  {
    "name": "Require(14) node_modules/egg/config/config.default.js",
    "start": 1604900736526,
    "end": 1604900736526,
    "duration": 0,
    "pid": 62935,
    "index": 17
  },
  {
    "name": "Require(15) config/config.default.js",
    "start": 1604900736527,
    "end": 1604900736527,
    "duration": 0,
    "pid": 62935,
    "index": 18
  },
  {
    "name": "Require(16) node_modules/egg-security/config/config.local.js",
    "start": 1604900736527,
    "end": 1604900736528,
    "duration": 1,
    "pid": 62935,
    "index": 19
  },
  {
    "name": "Require(17) node_modules/egg-watcher/config/config.local.js",
    "start": 1604900736528,
    "end": 1604900736528,
    "duration": 0,
    "pid": 62935,
    "index": 20
  },
  {
    "name": "Require(18) node_modules/egg-view/config/config.local.js",
    "start": 1604900736529,
    "end": 1604900736529,
    "duration": 0,
    "pid": 62935,
    "index": 21
  },
  {
    "name": "Require(19) node_modules/egg/config/config.local.js",
    "start": 1604900736529,
    "end": 1604900736529,
    "duration": 0,
    "pid": 62935,
    "index": 22
  },
  {
    "name": "Load extend/application.js",
    "start": 1604900736532,
    "end": 1604900736539,
    "duration": 7,
    "pid": 62935,
    "index": 23
  },
  {
    "name": "Require(20) node_modules/egg-session/app/extend/application.js",
    "start": 1604900736532,
    "end": 1604900736532,
    "duration": 0,
    "pid": 62935,
    "index": 24
  },
  {
    "name": "Require(21) node_modules/egg-security/app/extend/application.js",
    "start": 1604900736532,
    "end": 1604900736533,
    "duration": 1,
    "pid": 62935,
    "index": 25
  },
  {
    "name": "Require(22) node_modules/egg-jsonp/app/extend/application.js",
    "start": 1604900736534,
    "end": 1604900736536,
    "duration": 2,
    "pid": 62935,
    "index": 26
  },
  {
    "name": "Require(23) node_modules/egg-logrotator/app/extend/application.js",
    "start": 1604900736536,
    "end": 1604900736537,
    "duration": 1,
    "pid": 62935,
    "index": 27
  },
  {
    "name": "Require(24) node_modules/egg-view/app/extend/application.js",
    "start": 1604900736537,
    "end": 1604900736538,
    "duration": 1,
    "pid": 62935,
    "index": 28
  },
  {
    "name": "Load extend/request.js",
    "start": 1604900736539,
    "end": 1604900736540,
    "duration": 1,
    "pid": 62935,
    "index": 29
  },
  {
    "name": "Require(25) node_modules/egg/app/extend/request.js",
    "start": 1604900736539,
    "end": 1604900736540,
    "duration": 1,
    "pid": 62935,
    "index": 30
  },
  {
    "name": "Load extend/response.js",
    "start": 1604900736540,
    "end": 1604900736543,
    "duration": 3,
    "pid": 62935,
    "index": 31
  },
  {
    "name": "Require(26) node_modules/egg/app/extend/response.js",
    "start": 1604900736541,
    "end": 1604900736542,
    "duration": 1,
    "pid": 62935,
    "index": 32
  },
  {
    "name": "Load extend/context.js",
    "start": 1604900736543,
    "end": 1604900736586,
    "duration": 43,
    "pid": 62935,
    "index": 33
  },
  {
    "name": "Require(27) node_modules/egg-security/app/extend/context.js",
    "start": 1604900736543,
    "end": 1604900736552,
    "duration": 9,
    "pid": 62935,
    "index": 34
  },
  {
    "name": "Require(28) node_modules/egg-jsonp/app/extend/context.js",
    "start": 1604900736552,
    "end": 1604900736553,
    "duration": 1,
    "pid": 62935,
    "index": 35
  },
  {
    "name": "Require(29) node_modules/egg-i18n/app/extend/context.js",
    "start": 1604900736553,
    "end": 1604900736554,
    "duration": 1,
    "pid": 62935,
    "index": 36
  },
  {
    "name": "Require(30) node_modules/egg-multipart/app/extend/context.js",
    "start": 1604900736554,
    "end": 1604900736584,
    "duration": 30,
    "pid": 62935,
    "index": 37
  },
  {
    "name": "Require(31) node_modules/egg-view/app/extend/context.js",
    "start": 1604900736584,
    "end": 1604900736585,
    "duration": 1,
    "pid": 62935,
    "index": 38
  },
  {
    "name": "Require(32) node_modules/egg/app/extend/context.js",
    "start": 1604900736585,
    "end": 1604900736586,
    "duration": 1,
    "pid": 62935,
    "index": 39
  },
  {
    "name": "Load extend/helper.js",
    "start": 1604900736587,
    "end": 1604900736606,
    "duration": 19,
    "pid": 62935,
    "index": 40
  },
  {
    "name": "Require(33) node_modules/egg-security/app/extend/helper.js",
    "start": 1604900736587,
    "end": 1604900736605,
    "duration": 18,
    "pid": 62935,
    "index": 41
  },
  {
    "name": "Require(34) node_modules/egg/app/extend/helper.js",
    "start": 1604900736605,
    "end": 1604900736606,
    "duration": 1,
    "pid": 62935,
    "index": 42
  },
  {
    "name": "Load app.js",
    "start": 1604900736606,
    "end": 1604900736647,
    "duration": 41,
    "pid": 62935,
    "index": 43
  },
  {
    "name": "Require(35) node_modules/egg-session/app.js",
    "start": 1604900736606,
    "end": 1604900736607,
    "duration": 1,
    "pid": 62935,
    "index": 44
  },
  {
    "name": "Require(36) node_modules/egg-security/app.js",
    "start": 1604900736607,
    "end": 1604900736608,
    "duration": 1,
    "pid": 62935,
    "index": 45
  },
  {
    "name": "Require(37) node_modules/egg-onerror/app.js",
    "start": 1604900736608,
    "end": 1604900736615,
    "duration": 7,
    "pid": 62935,
    "index": 46
  },
  {
    "name": "Require(38) node_modules/egg-i18n/app.js",
    "start": 1604900736615,
    "end": 1604900736626,
    "duration": 11,
    "pid": 62935,
    "index": 47
  },
  {
    "name": "Require(39) node_modules/egg-watcher/app.js",
    "start": 1604900736626,
    "end": 1604900736629,
    "duration": 3,
    "pid": 62935,
    "index": 48
  },
  {
    "name": "Require(40) node_modules/egg-schedule/app.js",
    "start": 1604900736629,
    "end": 1604900736630,
    "duration": 1,
    "pid": 62935,
    "index": 49
  },
  {
    "name": "Require(41) node_modules/egg-multipart/app.js",
    "start": 1604900736630,
    "end": 1604900736632,
    "duration": 2,
    "pid": 62935,
    "index": 50
  },
  {
    "name": "Require(42) node_modules/egg-development/app.js",
    "start": 1604900736633,
    "end": 1604900736633,
    "duration": 0,
    "pid": 62935,
    "index": 51
  },
  {
    "name": "Require(43) node_modules/egg-logrotator/app.js",
    "start": 1604900736633,
    "end": 1604900736633,
    "duration": 0,
    "pid": 62935,
    "index": 52
  },
  {
    "name": "Require(44) node_modules/egg-static/app.js",
    "start": 1604900736634,
    "end": 1604900736634,
    "duration": 0,
    "pid": 62935,
    "index": 53
  },
  {
    "name": "Require(45) node_modules/egg-mysql/app.js",
    "start": 1604900736634,
    "end": 1604900736647,
    "duration": 13,
    "pid": 62935,
    "index": 54
  },
  {
    "name": "Before Start in node_modules/egg-watcher/lib/init.js:15:14",
    "start": 1604900736655,
    "end": 1604900737660,
    "duration": 1005,
    "pid": 62935,
    "index": 55
  },
  {
    "name": "Before Start in node_modules/egg-mysql/lib/mysql.js:20:7",
    "start": 1604900736762,
    "end": 1604900737664,
    "duration": 902,
    "pid": 62935,
    "index": 56
  },
  {
    "name": "Load Service",
    "start": 1604900736762,
    "end": 1604900737445,
    "duration": 683,
    "pid": 62935,
    "index": 57
  },
  {
    "name": "Load \"service\" to Context",
    "start": 1604900736763,
    "end": 1604900737445,
    "duration": 682,
    "pid": 62935,
    "index": 58
  },
  {
    "name": "Load Middleware",
    "start": 1604900737445,
    "end": 1604900737502,
    "duration": 57,
    "pid": 62935,
    "index": 59
  },
  {
    "name": "Load \"middlewares\" to Application",
    "start": 1604900737445,
    "end": 1604900737494,
    "duration": 49,
    "pid": 62935,
    "index": 60
  },
  {
    "name": "Load Controller",
    "start": 1604900737502,
    "end": 1604900737549,
    "duration": 47,
    "pid": 62935,
    "index": 61
  },
  {
    "name": "Load \"controller\" to Application",
    "start": 1604900737502,
    "end": 1604900737549,
    "duration": 47,
    "pid": 62935,
    "index": 62
  },
  {
    "name": "Load Router",
    "start": 1604900737552,
    "end": 1604900737578,
    "duration": 26,
    "pid": 62935,
    "index": 63
  },
  {
    "name": "Require(46) app/router.js",
    "start": 1604900737553,
    "end": 1604900737574,
    "duration": 21,
    "pid": 62935,
    "index": 64
  },
  {
    "name": "Before Start in node_modules/egg-core/lib/egg.js:303:10",
    "start": 1604900737576,
    "end": 1604900737602,
    "duration": 26,
    "pid": 62935,
    "index": 65
  }
]