[
  {
    "name": "Application Start",
    "start": 1604900303285,
    "end": 1604900304491,
    "duration": 1206,
    "pid": 51501,
    "index": 0
  },
  {
    "name": "Load Plugin",
    "start": 1604900303289,
    "end": 1604900303302,
    "duration": 13,
    "pid": 51501,
    "index": 1
  },
  {
    "name": "Load Config",
    "start": 1604900303303,
    "end": 1604900303326,
    "duration": 23,
    "pid": 51501,
    "index": 2
  },
  {
    "name": "Require(0) config/config.default.js",
    "start": 1604900303303,
    "end": 1604900303304,
    "duration": 1,
    "pid": 51501,
    "index": 3
  },
  {
    "name": "Require(1) node_modules/egg-session/config/config.default.js",
    "start": 1604900303305,
    "end": 1604900303305,
    "duration": 0,
    "pid": 51501,
    "index": 4
  },
  {
    "name": "Require(2) node_modules/egg-security/config/config.default.js",
    "start": 1604900303305,
    "end": 1604900303306,
    "duration": 1,
    "pid": 51501,
    "index": 5
  },
  {
    "name": "Require(3) node_modules/egg-jsonp/config/config.default.js",
    "start": 1604900303307,
    "end": 1604900303308,
    "duration": 1,
    "pid": 51501,
    "index": 6
  },
  {
    "name": "Require(4) node_modules/egg-onerror/config/config.default.js",
    "start": 1604900303308,
    "end": 1604900303309,
    "duration": 1,
    "pid": 51501,
    "index": 7
  },
  {
    "name": "Require(5) node_modules/egg-i18n/config/config.default.js",
    "start": 1604900303309,
    "end": 1604900303310,
    "duration": 1,
    "pid": 51501,
    "index": 8
  },
  {
    "name": "Require(6) node_modules/egg-watcher/config/config.default.js",
    "start": 1604900303311,
    "end": 1604900303311,
    "duration": 0,
    "pid": 51501,
    "index": 9
  },
  {
    "name": "Require(7) node_modules/egg-schedule/config/config.default.js",
    "start": 1604900303312,
    "end": 1604900303312,
    "duration": 0,
    "pid": 51501,
    "index": 10
  },
  {
    "name": "Require(8) node_modules/egg-multipart/config/config.default.js",
    "start": 1604900303313,
    "end": 1604900303314,
    "duration": 1,
    "pid": 51501,
    "index": 11
  },
  {
    "name": "Require(9) node_modules/egg-development/config/config.default.js",
    "start": 1604900303314,
    "end": 1604900303315,
    "duration": 1,
    "pid": 51501,
    "index": 12
  },
  {
    "name": "Require(10) node_modules/egg-logrotator/config/config.default.js",
    "start": 1604900303315,
    "end": 1604900303316,
    "duration": 1,
    "pid": 51501,
    "index": 13
  },
  {
    "name": "Require(11) node_modules/egg-static/config/config.default.js",
    "start": 1604900303316,
    "end": 1604900303317,
    "duration": 1,
    "pid": 51501,
    "index": 14
  },
  {
    "name": "Require(12) node_modules/egg-view/config/config.default.js",
    "start": 1604900303317,
    "end": 1604900303318,
    "duration": 1,
    "pid": 51501,
    "index": 15
  },
  {
    "name": "Require(13) node_modules/egg-mysql/config/config.default.js",
    "start": 1604900303318,
    "end": 1604900303319,
    "duration": 1,
    "pid": 51501,
    "index": 16
  },
  {
    "name": "Require(14) node_modules/egg/config/config.default.js",
    "start": 1604900303320,
    "end": 1604900303321,
    "duration": 1,
    "pid": 51501,
    "index": 17
  },
  {
    "name": "Require(15) config/config.default.js",
    "start": 1604900303322,
    "end": 1604900303322,
    "duration": 0,
    "pid": 51501,
    "index": 18
  },
  {
    "name": "Require(16) node_modules/egg-security/config/config.local.js",
    "start": 1604900303323,
    "end": 1604900303323,
    "duration": 0,
    "pid": 51501,
    "index": 19
  },
  {
    "name": "Require(17) node_modules/egg-watcher/config/config.local.js",
    "start": 1604900303324,
    "end": 1604900303324,
    "duration": 0,
    "pid": 51501,
    "index": 20
  },
  {
    "name": "Require(18) node_modules/egg-view/config/config.local.js",
    "start": 1604900303325,
    "end": 1604900303325,
    "duration": 0,
    "pid": 51501,
    "index": 21
  },
  {
    "name": "Require(19) node_modules/egg/config/config.local.js",
    "start": 1604900303326,
    "end": 1604900303326,
    "duration": 0,
    "pid": 51501,
    "index": 22
  },
  {
    "name": "Load extend/application.js",
    "start": 1604900303327,
    "end": 1604900303338,
    "duration": 11,
    "pid": 51501,
    "index": 23
  },
  {
    "name": "Require(20) node_modules/egg-session/app/extend/application.js",
    "start": 1604900303328,
    "end": 1604900303328,
    "duration": 0,
    "pid": 51501,
    "index": 24
  },
  {
    "name": "Require(21) node_modules/egg-security/app/extend/application.js",
    "start": 1604900303329,
    "end": 1604900303330,
    "duration": 1,
    "pid": 51501,
    "index": 25
  },
  {
    "name": "Require(22) node_modules/egg-jsonp/app/extend/application.js",
    "start": 1604900303331,
    "end": 1604900303333,
    "duration": 2,
    "pid": 51501,
    "index": 26
  },
  {
    "name": "Require(23) node_modules/egg-logrotator/app/extend/application.js",
    "start": 1604900303333,
    "end": 1604900303335,
    "duration": 2,
    "pid": 51501,
    "index": 27
  },
  {
    "name": "Require(24) node_modules/egg-view/app/extend/application.js",
    "start": 1604900303335,
    "end": 1604900303337,
    "duration": 2,
    "pid": 51501,
    "index": 28
  },
  {
    "name": "Load extend/request.js",
    "start": 1604900303338,
    "end": 1604900303340,
    "duration": 2,
    "pid": 51501,
    "index": 29
  },
  {
    "name": "Require(25) node_modules/egg/app/extend/request.js",
    "start": 1604900303338,
    "end": 1604900303339,
    "duration": 1,
    "pid": 51501,
    "index": 30
  },
  {
    "name": "Load extend/response.js",
    "start": 1604900303340,
    "end": 1604900303344,
    "duration": 4,
    "pid": 51501,
    "index": 31
  },
  {
    "name": "Require(26) node_modules/egg/app/extend/response.js",
    "start": 1604900303341,
    "end": 1604900303343,
    "duration": 2,
    "pid": 51501,
    "index": 32
  },
  {
    "name": "Load extend/context.js",
    "start": 1604900303344,
    "end": 1604900303399,
    "duration": 55,
    "pid": 51501,
    "index": 33
  },
  {
    "name": "Require(27) node_modules/egg-security/app/extend/context.js",
    "start": 1604900303344,
    "end": 1604900303356,
    "duration": 12,
    "pid": 51501,
    "index": 34
  },
  {
    "name": "Require(28) node_modules/egg-jsonp/app/extend/context.js",
    "start": 1604900303356,
    "end": 1604900303358,
    "duration": 2,
    "pid": 51501,
    "index": 35
  },
  {
    "name": "Require(29) node_modules/egg-i18n/app/extend/context.js",
    "start": 1604900303358,
    "end": 1604900303359,
    "duration": 1,
    "pid": 51501,
    "index": 36
  },
  {
    "name": "Require(30) node_modules/egg-multipart/app/extend/context.js",
    "start": 1604900303359,
    "end": 1604900303394,
    "duration": 35,
    "pid": 51501,
    "index": 37
  },
  {
    "name": "Require(31) node_modules/egg-view/app/extend/context.js",
    "start": 1604900303395,
    "end": 1604900303396,
    "duration": 1,
    "pid": 51501,
    "index": 38
  },
  {
    "name": "Require(32) node_modules/egg/app/extend/context.js",
    "start": 1604900303396,
    "end": 1604900303397,
    "duration": 1,
    "pid": 51501,
    "index": 39
  },
  {
    "name": "Load extend/helper.js",
    "start": 1604900303399,
    "end": 1604900303424,
    "duration": 25,
    "pid": 51501,
    "index": 40
  },
  {
    "name": "Require(33) node_modules/egg-security/app/extend/helper.js",
    "start": 1604900303399,
    "end": 1604900303422,
    "duration": 23,
    "pid": 51501,
    "index": 41
  },
  {
    "name": "Require(34) node_modules/egg/app/extend/helper.js",
    "start": 1604900303422,
    "end": 1604900303423,
    "duration": 1,
    "pid": 51501,
    "index": 42
  },
  {
    "name": "Load app.js",
    "start": 1604900303424,
    "end": 1604900303473,
    "duration": 49,
    "pid": 51501,
    "index": 43
  },
  {
    "name": "Require(35) node_modules/egg-session/app.js",
    "start": 1604900303424,
    "end": 1604900303424,
    "duration": 0,
    "pid": 51501,
    "index": 44
  },
  {
    "name": "Require(36) node_modules/egg-security/app.js",
    "start": 1604900303425,
    "end": 1604900303426,
    "duration": 1,
    "pid": 51501,
    "index": 45
  },
  {
    "name": "Require(37) node_modules/egg-onerror/app.js",
    "start": 1604900303426,
    "end": 1604900303434,
    "duration": 8,
    "pid": 51501,
    "index": 46
  },
  {
    "name": "Require(38) node_modules/egg-i18n/app.js",
    "start": 1604900303434,
    "end": 1604900303446,
    "duration": 12,
    "pid": 51501,
    "index": 47
  },
  {
    "name": "Require(39) node_modules/egg-watcher/app.js",
    "start": 1604900303446,
    "end": 1604900303449,
    "duration": 3,
    "pid": 51501,
    "index": 48
  },
  {
    "name": "Require(40) node_modules/egg-schedule/app.js",
    "start": 1604900303449,
    "end": 1604900303450,
    "duration": 1,
    "pid": 51501,
    "index": 49
  },
  {
    "name": "Require(41) node_modules/egg-multipart/app.js",
    "start": 1604900303451,
    "end": 1604900303453,
    "duration": 2,
    "pid": 51501,
    "index": 50
  },
  {
    "name": "Require(42) node_modules/egg-development/app.js",
    "start": 1604900303453,
    "end": 1604900303454,
    "duration": 1,
    "pid": 51501,
    "index": 51
  },
  {
    "name": "Require(43) node_modules/egg-logrotator/app.js",
    "start": 1604900303454,
    "end": 1604900303455,
    "duration": 1,
    "pid": 51501,
    "index": 52
  },
  {
    "name": "Require(44) node_modules/egg-static/app.js",
    "start": 1604900303455,
    "end": 1604900303455,
    "duration": 0,
    "pid": 51501,
    "index": 53
  },
  {
    "name": "Require(45) node_modules/egg-mysql/app.js",
    "start": 1604900303455,
    "end": 1604900303472,
    "duration": 17,
    "pid": 51501,
    "index": 54
  },
  {
    "name": "Before Start in node_modules/egg-watcher/lib/init.js:15:14",
    "start": 1604900303480,
    "end": 1604900304487,
    "duration": 1007,
    "pid": 51501,
    "index": 55
  },
  {
    "name": "Before Start in node_modules/egg-mysql/lib/mysql.js:20:7",
    "start": 1604900303570,
    "end": 1604900304490,
    "duration": 920,
    "pid": 51501,
    "index": 56
  },
  {
    "name": "Load Service",
    "start": 1604900303571,
    "end": 1604900304346,
    "duration": 775,
    "pid": 51501,
    "index": 57
  },
  {
    "name": "Load \"service\" to Context",
    "start": 1604900303571,
    "end": 1604900304346,
    "duration": 775,
    "pid": 51501,
    "index": 58
  },
  {
    "name": "Load Middleware",
    "start": 1604900304347,
    "end": 1604900304438,
    "duration": 91,
    "pid": 51501,
    "index": 59
  },
  {
    "name": "Load \"middlewares\" to Application",
    "start": 1604900304347,
    "end": 1604900304428,
    "duration": 81,
    "pid": 51501,
    "index": 60
  },
  {
    "name": "Load Controller",
    "start": 1604900304439,
    "end": 1604900304452,
    "duration": 13,
    "pid": 51501,
    "index": 61
  },
  {
    "name": "Load \"controller\" to Application",
    "start": 1604900304439,
    "end": 1604900304452,
    "duration": 13,
    "pid": 51501,
    "index": 62
  },
  {
    "name": "Load Router",
    "start": 1604900304452,
    "end": 1604900304455,
    "duration": 3,
    "pid": 51501,
    "index": 63
  },
  {
    "name": "Require(46) app/router.js",
    "start": 1604900304452,
    "end": 1604900304453,
    "duration": 1,
    "pid": 51501,
    "index": 64
  },
  {
    "name": "Before Start in node_modules/egg-core/lib/egg.js:303:10",
    "start": 1604900304453,
    "end": 1604900304465,
    "duration": 12,
    "pid": 51501,
    "index": 65
  }
]