[
  {
    "name": "Application Start",
    "start": 1604900440836,
    "end": 1604900441868,
    "duration": 1032,
    "pid": 55046,
    "index": 0
  },
  {
    "name": "Load Plugin",
    "start": 1604900440840,
    "end": 1604900440853,
    "duration": 13,
    "pid": 55046,
    "index": 1
  },
  {
    "name": "Load Config",
    "start": 1604900440853,
    "end": 1604900440872,
    "duration": 19,
    "pid": 55046,
    "index": 2
  },
  {
    "name": "Require(0) config/config.default.js",
    "start": 1604900440853,
    "end": 1604900440853,
    "duration": 0,
    "pid": 55046,
    "index": 3
  },
  {
    "name": "Require(1) node_modules/egg-session/config/config.default.js",
    "start": 1604900440854,
    "end": 1604900440855,
    "duration": 1,
    "pid": 55046,
    "index": 4
  },
  {
    "name": "Require(2) node_modules/egg-security/config/config.default.js",
    "start": 1604900440855,
    "end": 1604900440855,
    "duration": 0,
    "pid": 55046,
    "index": 5
  },
  {
    "name": "Require(3) node_modules/egg-jsonp/config/config.default.js",
    "start": 1604900440856,
    "end": 1604900440856,
    "duration": 0,
    "pid": 55046,
    "index": 6
  },
  {
    "name": "Require(4) node_modules/egg-onerror/config/config.default.js",
    "start": 1604900440857,
    "end": 1604900440857,
    "duration": 0,
    "pid": 55046,
    "index": 7
  },
  {
    "name": "Require(5) node_modules/egg-i18n/config/config.default.js",
    "start": 1604900440857,
    "end": 1604900440858,
    "duration": 1,
    "pid": 55046,
    "index": 8
  },
  {
    "name": "Require(6) node_modules/egg-watcher/config/config.default.js",
    "start": 1604900440858,
    "end": 1604900440859,
    "duration": 1,
    "pid": 55046,
    "index": 9
  },
  {
    "name": "Require(7) node_modules/egg-schedule/config/config.default.js",
    "start": 1604900440859,
    "end": 1604900440860,
    "duration": 1,
    "pid": 55046,
    "index": 10
  },
  {
    "name": "Require(8) node_modules/egg-multipart/config/config.default.js",
    "start": 1604900440860,
    "end": 1604900440861,
    "duration": 1,
    "pid": 55046,
    "index": 11
  },
  {
    "name": "Require(9) node_modules/egg-development/config/config.default.js",
    "start": 1604900440861,
    "end": 1604900440861,
    "duration": 0,
    "pid": 55046,
    "index": 12
  },
  {
    "name": "Require(10) node_modules/egg-logrotator/config/config.default.js",
    "start": 1604900440862,
    "end": 1604900440864,
    "duration": 2,
    "pid": 55046,
    "index": 13
  },
  {
    "name": "Require(11) node_modules/egg-static/config/config.default.js",
    "start": 1604900440865,
    "end": 1604900440867,
    "duration": 2,
    "pid": 55046,
    "index": 14
  },
  {
    "name": "Require(12) node_modules/egg-view/config/config.default.js",
    "start": 1604900440867,
    "end": 1604900440867,
    "duration": 0,
    "pid": 55046,
    "index": 15
  },
  {
    "name": "Require(13) node_modules/egg-mysql/config/config.default.js",
    "start": 1604900440868,
    "end": 1604900440868,
    "duration": 0,
    "pid": 55046,
    "index": 16
  },
  {
    "name": "Require(14) node_modules/egg/config/config.default.js",
    "start": 1604900440868,
    "end": 1604900440869,
    "duration": 1,
    "pid": 55046,
    "index": 17
  },
  {
    "name": "Require(15) config/config.default.js",
    "start": 1604900440870,
    "end": 1604900440870,
    "duration": 0,
    "pid": 55046,
    "index": 18
  },
  {
    "name": "Require(16) node_modules/egg-security/config/config.local.js",
    "start": 1604900440870,
    "end": 1604900440870,
    "duration": 0,
    "pid": 55046,
    "index": 19
  },
  {
    "name": "Require(17) node_modules/egg-watcher/config/config.local.js",
    "start": 1604900440870,
    "end": 1604900440871,
    "duration": 1,
    "pid": 55046,
    "index": 20
  },
  {
    "name": "Require(18) node_modules/egg-view/config/config.local.js",
    "start": 1604900440871,
    "end": 1604900440871,
    "duration": 0,
    "pid": 55046,
    "index": 21
  },
  {
    "name": "Require(19) node_modules/egg/config/config.local.js",
    "start": 1604900440872,
    "end": 1604900440872,
    "duration": 0,
    "pid": 55046,
    "index": 22
  },
  {
    "name": "Load extend/application.js",
    "start": 1604900440873,
    "end": 1604900440885,
    "duration": 12,
    "pid": 55046,
    "index": 23
  },
  {
    "name": "Require(20) node_modules/egg-session/app/extend/application.js",
    "start": 1604900440874,
    "end": 1604900440874,
    "duration": 0,
    "pid": 55046,
    "index": 24
  },
  {
    "name": "Require(21) node_modules/egg-security/app/extend/application.js",
    "start": 1604900440875,
    "end": 1604900440877,
    "duration": 2,
    "pid": 55046,
    "index": 25
  },
  {
    "name": "Require(22) node_modules/egg-jsonp/app/extend/application.js",
    "start": 1604900440877,
    "end": 1604900440878,
    "duration": 1,
    "pid": 55046,
    "index": 26
  },
  {
    "name": "Require(23) node_modules/egg-logrotator/app/extend/application.js",
    "start": 1604900440878,
    "end": 1604900440883,
    "duration": 5,
    "pid": 55046,
    "index": 27
  },
  {
    "name": "Require(24) node_modules/egg-view/app/extend/application.js",
    "start": 1604900440883,
    "end": 1604900440884,
    "duration": 1,
    "pid": 55046,
    "index": 28
  },
  {
    "name": "Load extend/request.js",
    "start": 1604900440885,
    "end": 1604900440887,
    "duration": 2,
    "pid": 55046,
    "index": 29
  },
  {
    "name": "Require(25) node_modules/egg/app/extend/request.js",
    "start": 1604900440886,
    "end": 1604900440887,
    "duration": 1,
    "pid": 55046,
    "index": 30
  },
  {
    "name": "Load extend/response.js",
    "start": 1604900440887,
    "end": 1604900440890,
    "duration": 3,
    "pid": 55046,
    "index": 31
  },
  {
    "name": "Require(26) node_modules/egg/app/extend/response.js",
    "start": 1604900440888,
    "end": 1604900440889,
    "duration": 1,
    "pid": 55046,
    "index": 32
  },
  {
    "name": "Load extend/context.js",
    "start": 1604900440890,
    "end": 1604900440937,
    "duration": 47,
    "pid": 55046,
    "index": 33
  },
  {
    "name": "Require(27) node_modules/egg-security/app/extend/context.js",
    "start": 1604900440890,
    "end": 1604900440899,
    "duration": 9,
    "pid": 55046,
    "index": 34
  },
  {
    "name": "Require(28) node_modules/egg-jsonp/app/extend/context.js",
    "start": 1604900440899,
    "end": 1604900440900,
    "duration": 1,
    "pid": 55046,
    "index": 35
  },
  {
    "name": "Require(29) node_modules/egg-i18n/app/extend/context.js",
    "start": 1604900440900,
    "end": 1604900440900,
    "duration": 0,
    "pid": 55046,
    "index": 36
  },
  {
    "name": "Require(30) node_modules/egg-multipart/app/extend/context.js",
    "start": 1604900440901,
    "end": 1604900440934,
    "duration": 33,
    "pid": 55046,
    "index": 37
  },
  {
    "name": "Require(31) node_modules/egg-view/app/extend/context.js",
    "start": 1604900440934,
    "end": 1604900440935,
    "duration": 1,
    "pid": 55046,
    "index": 38
  },
  {
    "name": "Require(32) node_modules/egg/app/extend/context.js",
    "start": 1604900440935,
    "end": 1604900440936,
    "duration": 1,
    "pid": 55046,
    "index": 39
  },
  {
    "name": "Load extend/helper.js",
    "start": 1604900440937,
    "end": 1604900440955,
    "duration": 18,
    "pid": 55046,
    "index": 40
  },
  {
    "name": "Require(33) node_modules/egg-security/app/extend/helper.js",
    "start": 1604900440937,
    "end": 1604900440952,
    "duration": 15,
    "pid": 55046,
    "index": 41
  },
  {
    "name": "Require(34) node_modules/egg/app/extend/helper.js",
    "start": 1604900440954,
    "end": 1604900440954,
    "duration": 0,
    "pid": 55046,
    "index": 42
  },
  {
    "name": "Load app.js",
    "start": 1604900440955,
    "end": 1604900440996,
    "duration": 41,
    "pid": 55046,
    "index": 43
  },
  {
    "name": "Require(35) node_modules/egg-session/app.js",
    "start": 1604900440955,
    "end": 1604900440955,
    "duration": 0,
    "pid": 55046,
    "index": 44
  },
  {
    "name": "Require(36) node_modules/egg-security/app.js",
    "start": 1604900440955,
    "end": 1604900440956,
    "duration": 1,
    "pid": 55046,
    "index": 45
  },
  {
    "name": "Require(37) node_modules/egg-onerror/app.js",
    "start": 1604900440957,
    "end": 1604900440963,
    "duration": 6,
    "pid": 55046,
    "index": 46
  },
  {
    "name": "Require(38) node_modules/egg-i18n/app.js",
    "start": 1604900440963,
    "end": 1604900440973,
    "duration": 10,
    "pid": 55046,
    "index": 47
  },
  {
    "name": "Require(39) node_modules/egg-watcher/app.js",
    "start": 1604900440973,
    "end": 1604900440979,
    "duration": 6,
    "pid": 55046,
    "index": 48
  },
  {
    "name": "Require(40) node_modules/egg-schedule/app.js",
    "start": 1604900440979,
    "end": 1604900440980,
    "duration": 1,
    "pid": 55046,
    "index": 49
  },
  {
    "name": "Require(41) node_modules/egg-multipart/app.js",
    "start": 1604900440980,
    "end": 1604900440982,
    "duration": 2,
    "pid": 55046,
    "index": 50
  },
  {
    "name": "Require(42) node_modules/egg-development/app.js",
    "start": 1604900440982,
    "end": 1604900440982,
    "duration": 0,
    "pid": 55046,
    "index": 51
  },
  {
    "name": "Require(43) node_modules/egg-logrotator/app.js",
    "start": 1604900440982,
    "end": 1604900440983,
    "duration": 1,
    "pid": 55046,
    "index": 52
  },
  {
    "name": "Require(44) node_modules/egg-static/app.js",
    "start": 1604900440983,
    "end": 1604900440983,
    "duration": 0,
    "pid": 55046,
    "index": 53
  },
  {
    "name": "Require(45) node_modules/egg-mysql/app.js",
    "start": 1604900440983,
    "end": 1604900440996,
    "duration": 13,
    "pid": 55046,
    "index": 54
  },
  {
    "name": "Before Start in node_modules/egg-watcher/lib/init.js:15:14",
    "start": 1604900441004,
    "end": 1604900441860,
    "duration": 856,
    "pid": 55046,
    "index": 55
  },
  {
    "name": "Before Start in node_modules/egg-mysql/lib/mysql.js:20:7",
    "start": 1604900441095,
    "end": 1604900441868,
    "duration": 773,
    "pid": 55046,
    "index": 56
  },
  {
    "name": "Load Service",
    "start": 1604900441095,
    "end": 1604900441753,
    "duration": 658,
    "pid": 55046,
    "index": 57
  },
  {
    "name": "Load \"service\" to Context",
    "start": 1604900441095,
    "end": 1604900441753,
    "duration": 658,
    "pid": 55046,
    "index": 58
  },
  {
    "name": "Load Middleware",
    "start": 1604900441753,
    "end": 1604900441811,
    "duration": 58,
    "pid": 55046,
    "index": 59
  },
  {
    "name": "Load \"middlewares\" to Application",
    "start": 1604900441753,
    "end": 1604900441803,
    "duration": 50,
    "pid": 55046,
    "index": 60
  },
  {
    "name": "Load Controller",
    "start": 1604900441811,
    "end": 1604900441822,
    "duration": 11,
    "pid": 55046,
    "index": 61
  },
  {
    "name": "Load \"controller\" to Application",
    "start": 1604900441811,
    "end": 1604900441822,
    "duration": 11,
    "pid": 55046,
    "index": 62
  },
  {
    "name": "Load Router",
    "start": 1604900441822,
    "end": 1604900441824,
    "duration": 2,
    "pid": 55046,
    "index": 63
  },
  {
    "name": "Require(46) app/router.js",
    "start": 1604900441823,
    "end": 1604900441823,
    "duration": 0,
    "pid": 55046,
    "index": 64
  },
  {
    "name": "Before Start in node_modules/egg-core/lib/egg.js:303:10",
    "start": 1604900441823,
    "end": 1604900441834,
    "duration": 11,
    "pid": 55046,
    "index": 65
  }
]