[
  {
    "name": "Application Start",
    "start": 1604900321378,
    "end": 1604900322778,
    "duration": 1400,
    "pid": 52048,
    "index": 0
  },
  {
    "name": "Load Plugin",
    "start": 1604900321383,
    "end": 1604900321395,
    "duration": 12,
    "pid": 52048,
    "index": 1
  },
  {
    "name": "Load Config",
    "start": 1604900321395,
    "end": 1604900321417,
    "duration": 22,
    "pid": 52048,
    "index": 2
  },
  {
    "name": "Require(0) config/config.default.js",
    "start": 1604900321396,
    "end": 1604900321396,
    "duration": 0,
    "pid": 52048,
    "index": 3
  },
  {
    "name": "Require(1) node_modules/egg-session/config/config.default.js",
    "start": 1604900321397,
    "end": 1604900321398,
    "duration": 1,
    "pid": 52048,
    "index": 4
  },
  {
    "name": "Require(2) node_modules/egg-security/config/config.default.js",
    "start": 1604900321398,
    "end": 1604900321398,
    "duration": 0,
    "pid": 52048,
    "index": 5
  },
  {
    "name": "Require(3) node_modules/egg-jsonp/config/config.default.js",
    "start": 1604900321399,
    "end": 1604900321400,
    "duration": 1,
    "pid": 52048,
    "index": 6
  },
  {
    "name": "Require(4) node_modules/egg-onerror/config/config.default.js",
    "start": 1604900321400,
    "end": 1604900321401,
    "duration": 1,
    "pid": 52048,
    "index": 7
  },
  {
    "name": "Require(5) node_modules/egg-i18n/config/config.default.js",
    "start": 1604900321401,
    "end": 1604900321401,
    "duration": 0,
    "pid": 52048,
    "index": 8
  },
  {
    "name": "Require(6) node_modules/egg-watcher/config/config.default.js",
    "start": 1604900321402,
    "end": 1604900321402,
    "duration": 0,
    "pid": 52048,
    "index": 9
  },
  {
    "name": "Require(7) node_modules/egg-schedule/config/config.default.js",
    "start": 1604900321402,
    "end": 1604900321403,
    "duration": 1,
    "pid": 52048,
    "index": 10
  },
  {
    "name": "Require(8) node_modules/egg-multipart/config/config.default.js",
    "start": 1604900321403,
    "end": 1604900321404,
    "duration": 1,
    "pid": 52048,
    "index": 11
  },
  {
    "name": "Require(9) node_modules/egg-development/config/config.default.js",
    "start": 1604900321404,
    "end": 1604900321405,
    "duration": 1,
    "pid": 52048,
    "index": 12
  },
  {
    "name": "Require(10) node_modules/egg-logrotator/config/config.default.js",
    "start": 1604900321405,
    "end": 1604900321405,
    "duration": 0,
    "pid": 52048,
    "index": 13
  },
  {
    "name": "Require(11) node_modules/egg-static/config/config.default.js",
    "start": 1604900321406,
    "end": 1604900321407,
    "duration": 1,
    "pid": 52048,
    "index": 14
  },
  {
    "name": "Require(12) node_modules/egg-view/config/config.default.js",
    "start": 1604900321408,
    "end": 1604900321408,
    "duration": 0,
    "pid": 52048,
    "index": 15
  },
  {
    "name": "Require(13) node_modules/egg-mysql/config/config.default.js",
    "start": 1604900321408,
    "end": 1604900321409,
    "duration": 1,
    "pid": 52048,
    "index": 16
  },
  {
    "name": "Require(14) node_modules/egg/config/config.default.js",
    "start": 1604900321409,
    "end": 1604900321411,
    "duration": 2,
    "pid": 52048,
    "index": 17
  },
  {
    "name": "Require(15) config/config.default.js",
    "start": 1604900321412,
    "end": 1604900321412,
    "duration": 0,
    "pid": 52048,
    "index": 18
  },
  {
    "name": "Require(16) node_modules/egg-security/config/config.local.js",
    "start": 1604900321413,
    "end": 1604900321414,
    "duration": 1,
    "pid": 52048,
    "index": 19
  },
  {
    "name": "Require(17) node_modules/egg-watcher/config/config.local.js",
    "start": 1604900321414,
    "end": 1604900321415,
    "duration": 1,
    "pid": 52048,
    "index": 20
  },
  {
    "name": "Require(18) node_modules/egg-view/config/config.local.js",
    "start": 1604900321415,
    "end": 1604900321416,
    "duration": 1,
    "pid": 52048,
    "index": 21
  },
  {
    "name": "Require(19) node_modules/egg/config/config.local.js",
    "start": 1604900321416,
    "end": 1604900321416,
    "duration": 0,
    "pid": 52048,
    "index": 22
  },
  {
    "name": "Load extend/application.js",
    "start": 1604900321418,
    "end": 1604900321425,
    "duration": 7,
    "pid": 52048,
    "index": 23
  },
  {
    "name": "Require(20) node_modules/egg-session/app/extend/application.js",
    "start": 1604900321418,
    "end": 1604900321418,
    "duration": 0,
    "pid": 52048,
    "index": 24
  },
  {
    "name": "Require(21) node_modules/egg-security/app/extend/application.js",
    "start": 1604900321418,
    "end": 1604900321419,
    "duration": 1,
    "pid": 52048,
    "index": 25
  },
  {
    "name": "Require(22) node_modules/egg-jsonp/app/extend/application.js",
    "start": 1604900321419,
    "end": 1604900321420,
    "duration": 1,
    "pid": 52048,
    "index": 26
  },
  {
    "name": "Require(23) node_modules/egg-logrotator/app/extend/application.js",
    "start": 1604900321421,
    "end": 1604900321422,
    "duration": 1,
    "pid": 52048,
    "index": 27
  },
  {
    "name": "Require(24) node_modules/egg-view/app/extend/application.js",
    "start": 1604900321422,
    "end": 1604900321424,
    "duration": 2,
    "pid": 52048,
    "index": 28
  },
  {
    "name": "Load extend/request.js",
    "start": 1604900321425,
    "end": 1604900321427,
    "duration": 2,
    "pid": 52048,
    "index": 29
  },
  {
    "name": "Require(25) node_modules/egg/app/extend/request.js",
    "start": 1604900321425,
    "end": 1604900321426,
    "duration": 1,
    "pid": 52048,
    "index": 30
  },
  {
    "name": "Load extend/response.js",
    "start": 1604900321427,
    "end": 1604900321430,
    "duration": 3,
    "pid": 52048,
    "index": 31
  },
  {
    "name": "Require(26) node_modules/egg/app/extend/response.js",
    "start": 1604900321427,
    "end": 1604900321429,
    "duration": 2,
    "pid": 52048,
    "index": 32
  },
  {
    "name": "Load extend/context.js",
    "start": 1604900321430,
    "end": 1604900321480,
    "duration": 50,
    "pid": 52048,
    "index": 33
  },
  {
    "name": "Require(27) node_modules/egg-security/app/extend/context.js",
    "start": 1604900321430,
    "end": 1604900321439,
    "duration": 9,
    "pid": 52048,
    "index": 34
  },
  {
    "name": "Require(28) node_modules/egg-jsonp/app/extend/context.js",
    "start": 1604900321439,
    "end": 1604900321441,
    "duration": 2,
    "pid": 52048,
    "index": 35
  },
  {
    "name": "Require(29) node_modules/egg-i18n/app/extend/context.js",
    "start": 1604900321441,
    "end": 1604900321441,
    "duration": 0,
    "pid": 52048,
    "index": 36
  },
  {
    "name": "Require(30) node_modules/egg-multipart/app/extend/context.js",
    "start": 1604900321442,
    "end": 1604900321477,
    "duration": 35,
    "pid": 52048,
    "index": 37
  },
  {
    "name": "Require(31) node_modules/egg-view/app/extend/context.js",
    "start": 1604900321478,
    "end": 1604900321479,
    "duration": 1,
    "pid": 52048,
    "index": 38
  },
  {
    "name": "Require(32) node_modules/egg/app/extend/context.js",
    "start": 1604900321479,
    "end": 1604900321480,
    "duration": 1,
    "pid": 52048,
    "index": 39
  },
  {
    "name": "Load extend/helper.js",
    "start": 1604900321480,
    "end": 1604900321502,
    "duration": 22,
    "pid": 52048,
    "index": 40
  },
  {
    "name": "Require(33) node_modules/egg-security/app/extend/helper.js",
    "start": 1604900321480,
    "end": 1604900321500,
    "duration": 20,
    "pid": 52048,
    "index": 41
  },
  {
    "name": "Require(34) node_modules/egg/app/extend/helper.js",
    "start": 1604900321500,
    "end": 1604900321501,
    "duration": 1,
    "pid": 52048,
    "index": 42
  },
  {
    "name": "Load app.js",
    "start": 1604900321502,
    "end": 1604900321554,
    "duration": 52,
    "pid": 52048,
    "index": 43
  },
  {
    "name": "Require(35) node_modules/egg-session/app.js",
    "start": 1604900321502,
    "end": 1604900321502,
    "duration": 0,
    "pid": 52048,
    "index": 44
  },
  {
    "name": "Require(36) node_modules/egg-security/app.js",
    "start": 1604900321503,
    "end": 1604900321504,
    "duration": 1,
    "pid": 52048,
    "index": 45
  },
  {
    "name": "Require(37) node_modules/egg-onerror/app.js",
    "start": 1604900321504,
    "end": 1604900321512,
    "duration": 8,
    "pid": 52048,
    "index": 46
  },
  {
    "name": "Require(38) node_modules/egg-i18n/app.js",
    "start": 1604900321513,
    "end": 1604900321526,
    "duration": 13,
    "pid": 52048,
    "index": 47
  },
  {
    "name": "Require(39) node_modules/egg-watcher/app.js",
    "start": 1604900321526,
    "end": 1604900321530,
    "duration": 4,
    "pid": 52048,
    "index": 48
  },
  {
    "name": "Require(40) node_modules/egg-schedule/app.js",
    "start": 1604900321530,
    "end": 1604900321531,
    "duration": 1,
    "pid": 52048,
    "index": 49
  },
  {
    "name": "Require(41) node_modules/egg-multipart/app.js",
    "start": 1604900321532,
    "end": 1604900321534,
    "duration": 2,
    "pid": 52048,
    "index": 50
  },
  {
    "name": "Require(42) node_modules/egg-development/app.js",
    "start": 1604900321534,
    "end": 1604900321535,
    "duration": 1,
    "pid": 52048,
    "index": 51
  },
  {
    "name": "Require(43) node_modules/egg-logrotator/app.js",
    "start": 1604900321535,
    "end": 1604900321535,
    "duration": 0,
    "pid": 52048,
    "index": 52
  },
  {
    "name": "Require(44) node_modules/egg-static/app.js",
    "start": 1604900321535,
    "end": 1604900321536,
    "duration": 1,
    "pid": 52048,
    "index": 53
  },
  {
    "name": "Require(45) node_modules/egg-mysql/app.js",
    "start": 1604900321536,
    "end": 1604900321553,
    "duration": 17,
    "pid": 52048,
    "index": 54
  },
  {
    "name": "Before Start in node_modules/egg-watcher/lib/init.js:15:14",
    "start": 1604900321562,
    "end": 1604900322771,
    "duration": 1209,
    "pid": 52048,
    "index": 55
  },
  {
    "name": "Before Start in node_modules/egg-mysql/lib/mysql.js:20:7",
    "start": 1604900321662,
    "end": 1604900322777,
    "duration": 1115,
    "pid": 52048,
    "index": 56
  },
  {
    "name": "Load Service",
    "start": 1604900321662,
    "end": 1604900322537,
    "duration": 875,
    "pid": 52048,
    "index": 57
  },
  {
    "name": "Load \"service\" to Context",
    "start": 1604900321662,
    "end": 1604900322537,
    "duration": 875,
    "pid": 52048,
    "index": 58
  },
  {
    "name": "Load Middleware",
    "start": 1604900322537,
    "end": 1604900322634,
    "duration": 97,
    "pid": 52048,
    "index": 59
  },
  {
    "name": "Load \"middlewares\" to Application",
    "start": 1604900322537,
    "end": 1604900322628,
    "duration": 91,
    "pid": 52048,
    "index": 60
  },
  {
    "name": "Load Controller",
    "start": 1604900322634,
    "end": 1604900322645,
    "duration": 11,
    "pid": 52048,
    "index": 61
  },
  {
    "name": "Load \"controller\" to Application",
    "start": 1604900322634,
    "end": 1604900322645,
    "duration": 11,
    "pid": 52048,
    "index": 62
  },
  {
    "name": "Load Router",
    "start": 1604900322645,
    "end": 1604900322647,
    "duration": 2,
    "pid": 52048,
    "index": 63
  },
  {
    "name": "Require(46) app/router.js",
    "start": 1604900322646,
    "end": 1604900322646,
    "duration": 0,
    "pid": 52048,
    "index": 64
  },
  {
    "name": "Before Start in node_modules/egg-core/lib/egg.js:303:10",
    "start": 1604900322646,
    "end": 1604900322658,
    "duration": 12,
    "pid": 52048,
    "index": 65
  }
]