[
  {
    "name": "Application Start",
    "start": 1604900341376,
    "end": 1604900342453,
    "duration": 1077,
    "pid": 52590,
    "index": 0
  },
  {
    "name": "Load Plugin",
    "start": 1604900341380,
    "end": 1604900341392,
    "duration": 12,
    "pid": 52590,
    "index": 1
  },
  {
    "name": "Load Config",
    "start": 1604900341392,
    "end": 1604900341406,
    "duration": 14,
    "pid": 52590,
    "index": 2
  },
  {
    "name": "Require(0) config/config.default.js",
    "start": 1604900341392,
    "end": 1604900341392,
    "duration": 0,
    "pid": 52590,
    "index": 3
  },
  {
    "name": "Require(1) node_modules/egg-session/config/config.default.js",
    "start": 1604900341393,
    "end": 1604900341393,
    "duration": 0,
    "pid": 52590,
    "index": 4
  },
  {
    "name": "Require(2) node_modules/egg-security/config/config.default.js",
    "start": 1604900341394,
    "end": 1604900341394,
    "duration": 0,
    "pid": 52590,
    "index": 5
  },
  {
    "name": "Require(3) node_modules/egg-jsonp/config/config.default.js",
    "start": 1604900341394,
    "end": 1604900341395,
    "duration": 1,
    "pid": 52590,
    "index": 6
  },
  {
    "name": "Require(4) node_modules/egg-onerror/config/config.default.js",
    "start": 1604900341395,
    "end": 1604900341395,
    "duration": 0,
    "pid": 52590,
    "index": 7
  },
  {
    "name": "Require(5) node_modules/egg-i18n/config/config.default.js",
    "start": 1604900341395,
    "end": 1604900341396,
    "duration": 1,
    "pid": 52590,
    "index": 8
  },
  {
    "name": "Require(6) node_modules/egg-watcher/config/config.default.js",
    "start": 1604900341396,
    "end": 1604900341396,
    "duration": 0,
    "pid": 52590,
    "index": 9
  },
  {
    "name": "Require(7) node_modules/egg-schedule/config/config.default.js",
    "start": 1604900341396,
    "end": 1604900341397,
    "duration": 1,
    "pid": 52590,
    "index": 10
  },
  {
    "name": "Require(8) node_modules/egg-multipart/config/config.default.js",
    "start": 1604900341397,
    "end": 1604900341397,
    "duration": 0,
    "pid": 52590,
    "index": 11
  },
  {
    "name": "Require(9) node_modules/egg-development/config/config.default.js",
    "start": 1604900341398,
    "end": 1604900341398,
    "duration": 0,
    "pid": 52590,
    "index": 12
  },
  {
    "name": "Require(10) node_modules/egg-logrotator/config/config.default.js",
    "start": 1604900341398,
    "end": 1604900341398,
    "duration": 0,
    "pid": 52590,
    "index": 13
  },
  {
    "name": "Require(11) node_modules/egg-static/config/config.default.js",
    "start": 1604900341399,
    "end": 1604900341399,
    "duration": 0,
    "pid": 52590,
    "index": 14
  },
  {
    "name": "Require(12) node_modules/egg-view/config/config.default.js",
    "start": 1604900341399,
    "end": 1604900341400,
    "duration": 1,
    "pid": 52590,
    "index": 15
  },
  {
    "name": "Require(13) node_modules/egg-mysql/config/config.default.js",
    "start": 1604900341400,
    "end": 1604900341400,
    "duration": 0,
    "pid": 52590,
    "index": 16
  },
  {
    "name": "Require(14) node_modules/egg/config/config.default.js",
    "start": 1604900341400,
    "end": 1604900341401,
    "duration": 1,
    "pid": 52590,
    "index": 17
  },
  {
    "name": "Require(15) config/config.default.js",
    "start": 1604900341402,
    "end": 1604900341402,
    "duration": 0,
    "pid": 52590,
    "index": 18
  },
  {
    "name": "Require(16) node_modules/egg-security/config/config.local.js",
    "start": 1604900341403,
    "end": 1604900341403,
    "duration": 0,
    "pid": 52590,
    "index": 19
  },
  {
    "name": "Require(17) node_modules/egg-watcher/config/config.local.js",
    "start": 1604900341404,
    "end": 1604900341404,
    "duration": 0,
    "pid": 52590,
    "index": 20
  },
  {
    "name": "Require(18) node_modules/egg-view/config/config.local.js",
    "start": 1604900341405,
    "end": 1604900341405,
    "duration": 0,
    "pid": 52590,
    "index": 21
  },
  {
    "name": "Require(19) node_modules/egg/config/config.local.js",
    "start": 1604900341405,
    "end": 1604900341406,
    "duration": 1,
    "pid": 52590,
    "index": 22
  },
  {
    "name": "Load extend/application.js",
    "start": 1604900341406,
    "end": 1604900341412,
    "duration": 6,
    "pid": 52590,
    "index": 23
  },
  {
    "name": "Require(20) node_modules/egg-session/app/extend/application.js",
    "start": 1604900341407,
    "end": 1604900341407,
    "duration": 0,
    "pid": 52590,
    "index": 24
  },
  {
    "name": "Require(21) node_modules/egg-security/app/extend/application.js",
    "start": 1604900341407,
    "end": 1604900341408,
    "duration": 1,
    "pid": 52590,
    "index": 25
  },
  {
    "name": "Require(22) node_modules/egg-jsonp/app/extend/application.js",
    "start": 1604900341408,
    "end": 1604900341409,
    "duration": 1,
    "pid": 52590,
    "index": 26
  },
  {
    "name": "Require(23) node_modules/egg-logrotator/app/extend/application.js",
    "start": 1604900341409,
    "end": 1604900341410,
    "duration": 1,
    "pid": 52590,
    "index": 27
  },
  {
    "name": "Require(24) node_modules/egg-view/app/extend/application.js",
    "start": 1604900341410,
    "end": 1604900341411,
    "duration": 1,
    "pid": 52590,
    "index": 28
  },
  {
    "name": "Load extend/request.js",
    "start": 1604900341412,
    "end": 1604900341413,
    "duration": 1,
    "pid": 52590,
    "index": 29
  },
  {
    "name": "Require(25) node_modules/egg/app/extend/request.js",
    "start": 1604900341412,
    "end": 1604900341413,
    "duration": 1,
    "pid": 52590,
    "index": 30
  },
  {
    "name": "Load extend/response.js",
    "start": 1604900341413,
    "end": 1604900341416,
    "duration": 3,
    "pid": 52590,
    "index": 31
  },
  {
    "name": "Require(26) node_modules/egg/app/extend/response.js",
    "start": 1604900341414,
    "end": 1604900341415,
    "duration": 1,
    "pid": 52590,
    "index": 32
  },
  {
    "name": "Load extend/context.js",
    "start": 1604900341416,
    "end": 1604900341460,
    "duration": 44,
    "pid": 52590,
    "index": 33
  },
  {
    "name": "Require(27) node_modules/egg-security/app/extend/context.js",
    "start": 1604900341416,
    "end": 1604900341424,
    "duration": 8,
    "pid": 52590,
    "index": 34
  },
  {
    "name": "Require(28) node_modules/egg-jsonp/app/extend/context.js",
    "start": 1604900341424,
    "end": 1604900341425,
    "duration": 1,
    "pid": 52590,
    "index": 35
  },
  {
    "name": "Require(29) node_modules/egg-i18n/app/extend/context.js",
    "start": 1604900341425,
    "end": 1604900341426,
    "duration": 1,
    "pid": 52590,
    "index": 36
  },
  {
    "name": "Require(30) node_modules/egg-multipart/app/extend/context.js",
    "start": 1604900341426,
    "end": 1604900341457,
    "duration": 31,
    "pid": 52590,
    "index": 37
  },
  {
    "name": "Require(31) node_modules/egg-view/app/extend/context.js",
    "start": 1604900341457,
    "end": 1604900341458,
    "duration": 1,
    "pid": 52590,
    "index": 38
  },
  {
    "name": "Require(32) node_modules/egg/app/extend/context.js",
    "start": 1604900341458,
    "end": 1604900341459,
    "duration": 1,
    "pid": 52590,
    "index": 39
  },
  {
    "name": "Load extend/helper.js",
    "start": 1604900341460,
    "end": 1604900341480,
    "duration": 20,
    "pid": 52590,
    "index": 40
  },
  {
    "name": "Require(33) node_modules/egg-security/app/extend/helper.js",
    "start": 1604900341460,
    "end": 1604900341478,
    "duration": 18,
    "pid": 52590,
    "index": 41
  },
  {
    "name": "Require(34) node_modules/egg/app/extend/helper.js",
    "start": 1604900341479,
    "end": 1604900341479,
    "duration": 0,
    "pid": 52590,
    "index": 42
  },
  {
    "name": "Load app.js",
    "start": 1604900341480,
    "end": 1604900341527,
    "duration": 47,
    "pid": 52590,
    "index": 43
  },
  {
    "name": "Require(35) node_modules/egg-session/app.js",
    "start": 1604900341480,
    "end": 1604900341480,
    "duration": 0,
    "pid": 52590,
    "index": 44
  },
  {
    "name": "Require(36) node_modules/egg-security/app.js",
    "start": 1604900341481,
    "end": 1604900341482,
    "duration": 1,
    "pid": 52590,
    "index": 45
  },
  {
    "name": "Require(37) node_modules/egg-onerror/app.js",
    "start": 1604900341482,
    "end": 1604900341491,
    "duration": 9,
    "pid": 52590,
    "index": 46
  },
  {
    "name": "Require(38) node_modules/egg-i18n/app.js",
    "start": 1604900341491,
    "end": 1604900341501,
    "duration": 10,
    "pid": 52590,
    "index": 47
  },
  {
    "name": "Require(39) node_modules/egg-watcher/app.js",
    "start": 1604900341501,
    "end": 1604900341505,
    "duration": 4,
    "pid": 52590,
    "index": 48
  },
  {
    "name": "Require(40) node_modules/egg-schedule/app.js",
    "start": 1604900341505,
    "end": 1604900341508,
    "duration": 3,
    "pid": 52590,
    "index": 49
  },
  {
    "name": "Require(41) node_modules/egg-multipart/app.js",
    "start": 1604900341508,
    "end": 1604900341510,
    "duration": 2,
    "pid": 52590,
    "index": 50
  },
  {
    "name": "Require(42) node_modules/egg-development/app.js",
    "start": 1604900341510,
    "end": 1604900341510,
    "duration": 0,
    "pid": 52590,
    "index": 51
  },
  {
    "name": "Require(43) node_modules/egg-logrotator/app.js",
    "start": 1604900341510,
    "end": 1604900341511,
    "duration": 1,
    "pid": 52590,
    "index": 52
  },
  {
    "name": "Require(44) node_modules/egg-static/app.js",
    "start": 1604900341511,
    "end": 1604900341511,
    "duration": 0,
    "pid": 52590,
    "index": 53
  },
  {
    "name": "Require(45) node_modules/egg-mysql/app.js",
    "start": 1604900341511,
    "end": 1604900341527,
    "duration": 16,
    "pid": 52590,
    "index": 54
  },
  {
    "name": "Before Start in node_modules/egg-watcher/lib/init.js:15:14",
    "start": 1604900341533,
    "end": 1604900342451,
    "duration": 918,
    "pid": 52590,
    "index": 55
  },
  {
    "name": "Before Start in node_modules/egg-mysql/lib/mysql.js:20:7",
    "start": 1604900341620,
    "end": 1604900342453,
    "duration": 833,
    "pid": 52590,
    "index": 56
  },
  {
    "name": "Load Service",
    "start": 1604900341620,
    "end": 1604900342321,
    "duration": 701,
    "pid": 52590,
    "index": 57
  },
  {
    "name": "Load \"service\" to Context",
    "start": 1604900341620,
    "end": 1604900342321,
    "duration": 701,
    "pid": 52590,
    "index": 58
  },
  {
    "name": "Load Middleware",
    "start": 1604900342321,
    "end": 1604900342402,
    "duration": 81,
    "pid": 52590,
    "index": 59
  },
  {
    "name": "Load \"middlewares\" to Application",
    "start": 1604900342321,
    "end": 1604900342393,
    "duration": 72,
    "pid": 52590,
    "index": 60
  },
  {
    "name": "Load Controller",
    "start": 1604900342402,
    "end": 1604900342415,
    "duration": 13,
    "pid": 52590,
    "index": 61
  },
  {
    "name": "Load \"controller\" to Application",
    "start": 1604900342402,
    "end": 1604900342415,
    "duration": 13,
    "pid": 52590,
    "index": 62
  },
  {
    "name": "Load Router",
    "start": 1604900342415,
    "end": 1604900342417,
    "duration": 2,
    "pid": 52590,
    "index": 63
  },
  {
    "name": "Require(46) app/router.js",
    "start": 1604900342415,
    "end": 1604900342416,
    "duration": 1,
    "pid": 52590,
    "index": 64
  },
  {
    "name": "Before Start in node_modules/egg-core/lib/egg.js:303:10",
    "start": 1604900342416,
    "end": 1604900342426,
    "duration": 10,
    "pid": 52590,
    "index": 65
  }
]