[
  {
    "name": "Application Start",
    "start": 1604892565565,
    "end": 1604892566572,
    "duration": 1007,
    "pid": 49291,
    "index": 0
  },
  {
    "name": "Load Plugin",
    "start": 1604892565568,
    "end": 1604892565575,
    "duration": 7,
    "pid": 49291,
    "index": 1
  },
  {
    "name": "Load Config",
    "start": 1604892565575,
    "end": 1604892565587,
    "duration": 12,
    "pid": 49291,
    "index": 2
  },
  {
    "name": "Require(0) config/config.default.js",
    "start": 1604892565575,
    "end": 1604892565575,
    "duration": 0,
    "pid": 49291,
    "index": 3
  },
  {
    "name": "Require(1) node_modules/egg-session/config/config.default.js",
    "start": 1604892565576,
    "end": 1604892565577,
    "duration": 1,
    "pid": 49291,
    "index": 4
  },
  {
    "name": "Require(2) node_modules/egg-security/config/config.default.js",
    "start": 1604892565577,
    "end": 1604892565577,
    "duration": 0,
    "pid": 49291,
    "index": 5
  },
  {
    "name": "Require(3) node_modules/egg-jsonp/config/config.default.js",
    "start": 1604892565578,
    "end": 1604892565578,
    "duration": 0,
    "pid": 49291,
    "index": 6
  },
  {
    "name": "Require(4) node_modules/egg-onerror/config/config.default.js",
    "start": 1604892565578,
    "end": 1604892565578,
    "duration": 0,
    "pid": 49291,
    "index": 7
  },
  {
    "name": "Require(5) node_modules/egg-i18n/config/config.default.js",
    "start": 1604892565578,
    "end": 1604892565579,
    "duration": 1,
    "pid": 49291,
    "index": 8
  },
  {
    "name": "Require(6) node_modules/egg-watcher/config/config.default.js",
    "start": 1604892565579,
    "end": 1604892565580,
    "duration": 1,
    "pid": 49291,
    "index": 9
  },
  {
    "name": "Require(7) node_modules/egg-schedule/config/config.default.js",
    "start": 1604892565580,
    "end": 1604892565580,
    "duration": 0,
    "pid": 49291,
    "index": 10
  },
  {
    "name": "Require(8) node_modules/egg-multipart/config/config.default.js",
    "start": 1604892565581,
    "end": 1604892565581,
    "duration": 0,
    "pid": 49291,
    "index": 11
  },
  {
    "name": "Require(9) node_modules/egg-development/config/config.default.js",
    "start": 1604892565582,
    "end": 1604892565582,
    "duration": 0,
    "pid": 49291,
    "index": 12
  },
  {
    "name": "Require(10) node_modules/egg-logrotator/config/config.default.js",
    "start": 1604892565582,
    "end": 1604892565582,
    "duration": 0,
    "pid": 49291,
    "index": 13
  },
  {
    "name": "Require(11) node_modules/egg-static/config/config.default.js",
    "start": 1604892565582,
    "end": 1604892565583,
    "duration": 1,
    "pid": 49291,
    "index": 14
  },
  {
    "name": "Require(12) node_modules/egg-view/config/config.default.js",
    "start": 1604892565583,
    "end": 1604892565583,
    "duration": 0,
    "pid": 49291,
    "index": 15
  },
  {
    "name": "Require(13) node_modules/egg-mysql/config/config.default.js",
    "start": 1604892565583,
    "end": 1604892565584,
    "duration": 1,
    "pid": 49291,
    "index": 16
  },
  {
    "name": "Require(14) node_modules/egg/config/config.default.js",
    "start": 1604892565584,
    "end": 1604892565584,
    "duration": 0,
    "pid": 49291,
    "index": 17
  },
  {
    "name": "Require(15) config/config.default.js",
    "start": 1604892565585,
    "end": 1604892565585,
    "duration": 0,
    "pid": 49291,
    "index": 18
  },
  {
    "name": "Require(16) node_modules/egg-security/config/config.local.js",
    "start": 1604892565585,
    "end": 1604892565585,
    "duration": 0,
    "pid": 49291,
    "index": 19
  },
  {
    "name": "Require(17) node_modules/egg-watcher/config/config.local.js",
    "start": 1604892565586,
    "end": 1604892565586,
    "duration": 0,
    "pid": 49291,
    "index": 20
  },
  {
    "name": "Require(18) node_modules/egg-view/config/config.local.js",
    "start": 1604892565586,
    "end": 1604892565587,
    "duration": 1,
    "pid": 49291,
    "index": 21
  },
  {
    "name": "Require(19) node_modules/egg/config/config.local.js",
    "start": 1604892565587,
    "end": 1604892565587,
    "duration": 0,
    "pid": 49291,
    "index": 22
  },
  {
    "name": "Load extend/application.js",
    "start": 1604892565588,
    "end": 1604892565595,
    "duration": 7,
    "pid": 49291,
    "index": 23
  },
  {
    "name": "Require(20) node_modules/egg-session/app/extend/application.js",
    "start": 1604892565588,
    "end": 1604892565589,
    "duration": 1,
    "pid": 49291,
    "index": 24
  },
  {
    "name": "Require(21) node_modules/egg-security/app/extend/application.js",
    "start": 1604892565589,
    "end": 1604892565589,
    "duration": 0,
    "pid": 49291,
    "index": 25
  },
  {
    "name": "Require(22) node_modules/egg-jsonp/app/extend/application.js",
    "start": 1604892565590,
    "end": 1604892565591,
    "duration": 1,
    "pid": 49291,
    "index": 26
  },
  {
    "name": "Require(23) node_modules/egg-logrotator/app/extend/application.js",
    "start": 1604892565591,
    "end": 1604892565592,
    "duration": 1,
    "pid": 49291,
    "index": 27
  },
  {
    "name": "Require(24) node_modules/egg-view/app/extend/application.js",
    "start": 1604892565592,
    "end": 1604892565594,
    "duration": 2,
    "pid": 49291,
    "index": 28
  },
  {
    "name": "Load extend/request.js",
    "start": 1604892565595,
    "end": 1604892565597,
    "duration": 2,
    "pid": 49291,
    "index": 29
  },
  {
    "name": "Require(25) node_modules/egg/app/extend/request.js",
    "start": 1604892565596,
    "end": 1604892565596,
    "duration": 0,
    "pid": 49291,
    "index": 30
  },
  {
    "name": "Load extend/response.js",
    "start": 1604892565597,
    "end": 1604892565601,
    "duration": 4,
    "pid": 49291,
    "index": 31
  },
  {
    "name": "Require(26) node_modules/egg/app/extend/response.js",
    "start": 1604892565598,
    "end": 1604892565600,
    "duration": 2,
    "pid": 49291,
    "index": 32
  },
  {
    "name": "Load extend/context.js",
    "start": 1604892565601,
    "end": 1604892565631,
    "duration": 30,
    "pid": 49291,
    "index": 33
  },
  {
    "name": "Require(27) node_modules/egg-security/app/extend/context.js",
    "start": 1604892565602,
    "end": 1604892565605,
    "duration": 3,
    "pid": 49291,
    "index": 34
  },
  {
    "name": "Require(28) node_modules/egg-jsonp/app/extend/context.js",
    "start": 1604892565605,
    "end": 1604892565606,
    "duration": 1,
    "pid": 49291,
    "index": 35
  },
  {
    "name": "Require(29) node_modules/egg-i18n/app/extend/context.js",
    "start": 1604892565606,
    "end": 1604892565606,
    "duration": 0,
    "pid": 49291,
    "index": 36
  },
  {
    "name": "Require(30) node_modules/egg-multipart/app/extend/context.js",
    "start": 1604892565606,
    "end": 1604892565629,
    "duration": 23,
    "pid": 49291,
    "index": 37
  },
  {
    "name": "Require(31) node_modules/egg-view/app/extend/context.js",
    "start": 1604892565629,
    "end": 1604892565630,
    "duration": 1,
    "pid": 49291,
    "index": 38
  },
  {
    "name": "Require(32) node_modules/egg/app/extend/context.js",
    "start": 1604892565630,
    "end": 1604892565631,
    "duration": 1,
    "pid": 49291,
    "index": 39
  },
  {
    "name": "Load extend/helper.js",
    "start": 1604892565631,
    "end": 1604892565653,
    "duration": 22,
    "pid": 49291,
    "index": 40
  },
  {
    "name": "Require(33) node_modules/egg-security/app/extend/helper.js",
    "start": 1604892565631,
    "end": 1604892565652,
    "duration": 21,
    "pid": 49291,
    "index": 41
  },
  {
    "name": "Require(34) node_modules/egg/app/extend/helper.js",
    "start": 1604892565652,
    "end": 1604892565653,
    "duration": 1,
    "pid": 49291,
    "index": 42
  },
  {
    "name": "Load app.js",
    "start": 1604892565654,
    "end": 1604892565695,
    "duration": 41,
    "pid": 49291,
    "index": 43
  },
  {
    "name": "Require(35) node_modules/egg-session/app.js",
    "start": 1604892565654,
    "end": 1604892565654,
    "duration": 0,
    "pid": 49291,
    "index": 44
  },
  {
    "name": "Require(36) node_modules/egg-security/app.js",
    "start": 1604892565654,
    "end": 1604892565656,
    "duration": 2,
    "pid": 49291,
    "index": 45
  },
  {
    "name": "Require(37) node_modules/egg-onerror/app.js",
    "start": 1604892565656,
    "end": 1604892565664,
    "duration": 8,
    "pid": 49291,
    "index": 46
  },
  {
    "name": "Require(38) node_modules/egg-i18n/app.js",
    "start": 1604892565664,
    "end": 1604892565677,
    "duration": 13,
    "pid": 49291,
    "index": 47
  },
  {
    "name": "Require(39) node_modules/egg-watcher/app.js",
    "start": 1604892565677,
    "end": 1604892565679,
    "duration": 2,
    "pid": 49291,
    "index": 48
  },
  {
    "name": "Require(40) node_modules/egg-schedule/app.js",
    "start": 1604892565679,
    "end": 1604892565680,
    "duration": 1,
    "pid": 49291,
    "index": 49
  },
  {
    "name": "Require(41) node_modules/egg-multipart/app.js",
    "start": 1604892565681,
    "end": 1604892565683,
    "duration": 2,
    "pid": 49291,
    "index": 50
  },
  {
    "name": "Require(42) node_modules/egg-development/app.js",
    "start": 1604892565683,
    "end": 1604892565684,
    "duration": 1,
    "pid": 49291,
    "index": 51
  },
  {
    "name": "Require(43) node_modules/egg-logrotator/app.js",
    "start": 1604892565684,
    "end": 1604892565685,
    "duration": 1,
    "pid": 49291,
    "index": 52
  },
  {
    "name": "Require(44) node_modules/egg-static/app.js",
    "start": 1604892565685,
    "end": 1604892565686,
    "duration": 1,
    "pid": 49291,
    "index": 53
  },
  {
    "name": "Require(45) node_modules/egg-mysql/app.js",
    "start": 1604892565686,
    "end": 1604892565695,
    "duration": 9,
    "pid": 49291,
    "index": 54
  },
  {
    "name": "Before Start in node_modules/egg-watcher/lib/init.js:15:14",
    "start": 1604892565703,
    "end": 1604892566568,
    "duration": 865,
    "pid": 49291,
    "index": 55
  },
  {
    "name": "Before Start in node_modules/egg-mysql/lib/mysql.js:20:7",
    "start": 1604892565792,
    "end": 1604892566571,
    "duration": 779,
    "pid": 49291,
    "index": 56
  },
  {
    "name": "Load Service",
    "start": 1604892565792,
    "end": 1604892566442,
    "duration": 650,
    "pid": 49291,
    "index": 57
  },
  {
    "name": "Load \"service\" to Context",
    "start": 1604892565792,
    "end": 1604892566442,
    "duration": 650,
    "pid": 49291,
    "index": 58
  },
  {
    "name": "Load Middleware",
    "start": 1604892566442,
    "end": 1604892566522,
    "duration": 80,
    "pid": 49291,
    "index": 59
  },
  {
    "name": "Load \"middlewares\" to Application",
    "start": 1604892566442,
    "end": 1604892566512,
    "duration": 70,
    "pid": 49291,
    "index": 60
  },
  {
    "name": "Load Controller",
    "start": 1604892566522,
    "end": 1604892566533,
    "duration": 11,
    "pid": 49291,
    "index": 61
  },
  {
    "name": "Load \"controller\" to Application",
    "start": 1604892566522,
    "end": 1604892566533,
    "duration": 11,
    "pid": 49291,
    "index": 62
  },
  {
    "name": "Load Router",
    "start": 1604892566533,
    "end": 1604892566535,
    "duration": 2,
    "pid": 49291,
    "index": 63
  },
  {
    "name": "Require(46) app/router.js",
    "start": 1604892566534,
    "end": 1604892566534,
    "duration": 0,
    "pid": 49291,
    "index": 64
  },
  {
    "name": "Before Start in node_modules/egg-core/lib/egg.js:303:10",
    "start": 1604892566534,
    "end": 1604892566544,
    "duration": 10,
    "pid": 49291,
    "index": 65
  }
]