[
  {
    "name": "Application Start",
    "start": 1604901759929,
    "end": 1604901761538,
    "duration": 1609,
    "pid": 89587,
    "index": 0
  },
  {
    "name": "Load Plugin",
    "start": 1604901759937,
    "end": 1604901759953,
    "duration": 16,
    "pid": 89587,
    "index": 1
  },
  {
    "name": "Load Config",
    "start": 1604901759953,
    "end": 1604901759973,
    "duration": 20,
    "pid": 89587,
    "index": 2
  },
  {
    "name": "Require(0) config/config.default.js",
    "start": 1604901759953,
    "end": 1604901759954,
    "duration": 1,
    "pid": 89587,
    "index": 3
  },
  {
    "name": "Require(1) node_modules/egg-session/config/config.default.js",
    "start": 1604901759955,
    "end": 1604901759956,
    "duration": 1,
    "pid": 89587,
    "index": 4
  },
  {
    "name": "Require(2) node_modules/egg-security/config/config.default.js",
    "start": 1604901759956,
    "end": 1604901759957,
    "duration": 1,
    "pid": 89587,
    "index": 5
  },
  {
    "name": "Require(3) node_modules/egg-jsonp/config/config.default.js",
    "start": 1604901759957,
    "end": 1604901759958,
    "duration": 1,
    "pid": 89587,
    "index": 6
  },
  {
    "name": "Require(4) node_modules/egg-onerror/config/config.default.js",
    "start": 1604901759959,
    "end": 1604901759960,
    "duration": 1,
    "pid": 89587,
    "index": 7
  },
  {
    "name": "Require(5) node_modules/egg-i18n/config/config.default.js",
    "start": 1604901759961,
    "end": 1604901759962,
    "duration": 1,
    "pid": 89587,
    "index": 8
  },
  {
    "name": "Require(6) node_modules/egg-watcher/config/config.default.js",
    "start": 1604901759962,
    "end": 1604901759963,
    "duration": 1,
    "pid": 89587,
    "index": 9
  },
  {
    "name": "Require(7) node_modules/egg-schedule/config/config.default.js",
    "start": 1604901759963,
    "end": 1604901759963,
    "duration": 0,
    "pid": 89587,
    "index": 10
  },
  {
    "name": "Require(8) node_modules/egg-multipart/config/config.default.js",
    "start": 1604901759964,
    "end": 1604901759965,
    "duration": 1,
    "pid": 89587,
    "index": 11
  },
  {
    "name": "Require(9) node_modules/egg-development/config/config.default.js",
    "start": 1604901759965,
    "end": 1604901759965,
    "duration": 0,
    "pid": 89587,
    "index": 12
  },
  {
    "name": "Require(10) node_modules/egg-logrotator/config/config.default.js",
    "start": 1604901759966,
    "end": 1604901759966,
    "duration": 0,
    "pid": 89587,
    "index": 13
  },
  {
    "name": "Require(11) node_modules/egg-static/config/config.default.js",
    "start": 1604901759967,
    "end": 1604901759967,
    "duration": 0,
    "pid": 89587,
    "index": 14
  },
  {
    "name": "Require(12) node_modules/egg-view/config/config.default.js",
    "start": 1604901759967,
    "end": 1604901759968,
    "duration": 1,
    "pid": 89587,
    "index": 15
  },
  {
    "name": "Require(13) node_modules/egg-mysql/config/config.default.js",
    "start": 1604901759968,
    "end": 1604901759968,
    "duration": 0,
    "pid": 89587,
    "index": 16
  },
  {
    "name": "Require(14) node_modules/egg/config/config.default.js",
    "start": 1604901759969,
    "end": 1604901759969,
    "duration": 0,
    "pid": 89587,
    "index": 17
  },
  {
    "name": "Require(15) config/config.default.js",
    "start": 1604901759970,
    "end": 1604901759970,
    "duration": 0,
    "pid": 89587,
    "index": 18
  },
  {
    "name": "Require(16) node_modules/egg-security/config/config.local.js",
    "start": 1604901759971,
    "end": 1604901759971,
    "duration": 0,
    "pid": 89587,
    "index": 19
  },
  {
    "name": "Require(17) node_modules/egg-watcher/config/config.local.js",
    "start": 1604901759971,
    "end": 1604901759972,
    "duration": 1,
    "pid": 89587,
    "index": 20
  },
  {
    "name": "Require(18) node_modules/egg-view/config/config.local.js",
    "start": 1604901759972,
    "end": 1604901759973,
    "duration": 1,
    "pid": 89587,
    "index": 21
  },
  {
    "name": "Require(19) node_modules/egg/config/config.local.js",
    "start": 1604901759973,
    "end": 1604901759973,
    "duration": 0,
    "pid": 89587,
    "index": 22
  },
  {
    "name": "Load extend/application.js",
    "start": 1604901759974,
    "end": 1604901759982,
    "duration": 8,
    "pid": 89587,
    "index": 23
  },
  {
    "name": "Require(20) node_modules/egg-session/app/extend/application.js",
    "start": 1604901759974,
    "end": 1604901759975,
    "duration": 1,
    "pid": 89587,
    "index": 24
  },
  {
    "name": "Require(21) node_modules/egg-security/app/extend/application.js",
    "start": 1604901759975,
    "end": 1604901759976,
    "duration": 1,
    "pid": 89587,
    "index": 25
  },
  {
    "name": "Require(22) node_modules/egg-jsonp/app/extend/application.js",
    "start": 1604901759976,
    "end": 1604901759977,
    "duration": 1,
    "pid": 89587,
    "index": 26
  },
  {
    "name": "Require(23) node_modules/egg-logrotator/app/extend/application.js",
    "start": 1604901759978,
    "end": 1604901759979,
    "duration": 1,
    "pid": 89587,
    "index": 27
  },
  {
    "name": "Require(24) node_modules/egg-view/app/extend/application.js",
    "start": 1604901759980,
    "end": 1604901759980,
    "duration": 0,
    "pid": 89587,
    "index": 28
  },
  {
    "name": "Load extend/request.js",
    "start": 1604901759982,
    "end": 1604901759984,
    "duration": 2,
    "pid": 89587,
    "index": 29
  },
  {
    "name": "Require(25) node_modules/egg/app/extend/request.js",
    "start": 1604901759982,
    "end": 1604901759983,
    "duration": 1,
    "pid": 89587,
    "index": 30
  },
  {
    "name": "Load extend/response.js",
    "start": 1604901759984,
    "end": 1604901759987,
    "duration": 3,
    "pid": 89587,
    "index": 31
  },
  {
    "name": "Require(26) node_modules/egg/app/extend/response.js",
    "start": 1604901759985,
    "end": 1604901759986,
    "duration": 1,
    "pid": 89587,
    "index": 32
  },
  {
    "name": "Load extend/context.js",
    "start": 1604901759987,
    "end": 1604901760047,
    "duration": 60,
    "pid": 89587,
    "index": 33
  },
  {
    "name": "Require(27) node_modules/egg-security/app/extend/context.js",
    "start": 1604901759987,
    "end": 1604901759996,
    "duration": 9,
    "pid": 89587,
    "index": 34
  },
  {
    "name": "Require(28) node_modules/egg-jsonp/app/extend/context.js",
    "start": 1604901759996,
    "end": 1604901759998,
    "duration": 2,
    "pid": 89587,
    "index": 35
  },
  {
    "name": "Require(29) node_modules/egg-i18n/app/extend/context.js",
    "start": 1604901759998,
    "end": 1604901759999,
    "duration": 1,
    "pid": 89587,
    "index": 36
  },
  {
    "name": "Require(30) node_modules/egg-multipart/app/extend/context.js",
    "start": 1604901760000,
    "end": 1604901760042,
    "duration": 42,
    "pid": 89587,
    "index": 37
  },
  {
    "name": "Require(31) node_modules/egg-view/app/extend/context.js",
    "start": 1604901760042,
    "end": 1604901760044,
    "duration": 2,
    "pid": 89587,
    "index": 38
  },
  {
    "name": "Require(32) node_modules/egg/app/extend/context.js",
    "start": 1604901760045,
    "end": 1604901760046,
    "duration": 1,
    "pid": 89587,
    "index": 39
  },
  {
    "name": "Load extend/helper.js",
    "start": 1604901760047,
    "end": 1604901760069,
    "duration": 22,
    "pid": 89587,
    "index": 40
  },
  {
    "name": "Require(33) node_modules/egg-security/app/extend/helper.js",
    "start": 1604901760047,
    "end": 1604901760067,
    "duration": 20,
    "pid": 89587,
    "index": 41
  },
  {
    "name": "Require(34) node_modules/egg/app/extend/helper.js",
    "start": 1604901760068,
    "end": 1604901760068,
    "duration": 0,
    "pid": 89587,
    "index": 42
  },
  {
    "name": "Load app.js",
    "start": 1604901760069,
    "end": 1604901760143,
    "duration": 74,
    "pid": 89587,
    "index": 43
  },
  {
    "name": "Require(35) node_modules/egg-session/app.js",
    "start": 1604901760069,
    "end": 1604901760070,
    "duration": 1,
    "pid": 89587,
    "index": 44
  },
  {
    "name": "Require(36) node_modules/egg-security/app.js",
    "start": 1604901760070,
    "end": 1604901760071,
    "duration": 1,
    "pid": 89587,
    "index": 45
  },
  {
    "name": "Require(37) node_modules/egg-onerror/app.js",
    "start": 1604901760072,
    "end": 1604901760082,
    "duration": 10,
    "pid": 89587,
    "index": 46
  },
  {
    "name": "Require(38) node_modules/egg-i18n/app.js",
    "start": 1604901760083,
    "end": 1604901760097,
    "duration": 14,
    "pid": 89587,
    "index": 47
  },
  {
    "name": "Require(39) node_modules/egg-watcher/app.js",
    "start": 1604901760097,
    "end": 1604901760101,
    "duration": 4,
    "pid": 89587,
    "index": 48
  },
  {
    "name": "Require(40) node_modules/egg-schedule/app.js",
    "start": 1604901760102,
    "end": 1604901760103,
    "duration": 1,
    "pid": 89587,
    "index": 49
  },
  {
    "name": "Require(41) node_modules/egg-multipart/app.js",
    "start": 1604901760103,
    "end": 1604901760109,
    "duration": 6,
    "pid": 89587,
    "index": 50
  },
  {
    "name": "Require(42) node_modules/egg-development/app.js",
    "start": 1604901760109,
    "end": 1604901760110,
    "duration": 1,
    "pid": 89587,
    "index": 51
  },
  {
    "name": "Require(43) node_modules/egg-logrotator/app.js",
    "start": 1604901760110,
    "end": 1604901760111,
    "duration": 1,
    "pid": 89587,
    "index": 52
  },
  {
    "name": "Require(44) node_modules/egg-static/app.js",
    "start": 1604901760111,
    "end": 1604901760112,
    "duration": 1,
    "pid": 89587,
    "index": 53
  },
  {
    "name": "Require(45) node_modules/egg-mysql/app.js",
    "start": 1604901760113,
    "end": 1604901760142,
    "duration": 29,
    "pid": 89587,
    "index": 54
  },
  {
    "name": "Before Start in node_modules/egg-watcher/lib/init.js:15:14",
    "start": 1604901760151,
    "end": 1604901761534,
    "duration": 1383,
    "pid": 89587,
    "index": 55
  },
  {
    "name": "Before Start in node_modules/egg-mysql/lib/mysql.js:20:7",
    "start": 1604901760269,
    "end": 1604901761538,
    "duration": 1269,
    "pid": 89587,
    "index": 56
  },
  {
    "name": "Load Service",
    "start": 1604901760270,
    "end": 1604901761378,
    "duration": 1108,
    "pid": 89587,
    "index": 57
  },
  {
    "name": "Load \"service\" to Context",
    "start": 1604901760270,
    "end": 1604901761378,
    "duration": 1108,
    "pid": 89587,
    "index": 58
  },
  {
    "name": "Load Middleware",
    "start": 1604901761378,
    "end": 1604901761484,
    "duration": 106,
    "pid": 89587,
    "index": 59
  },
  {
    "name": "Load \"middlewares\" to Application",
    "start": 1604901761378,
    "end": 1604901761474,
    "duration": 96,
    "pid": 89587,
    "index": 60
  },
  {
    "name": "Load Controller",
    "start": 1604901761484,
    "end": 1604901761498,
    "duration": 14,
    "pid": 89587,
    "index": 61
  },
  {
    "name": "Load \"controller\" to Application",
    "start": 1604901761484,
    "end": 1604901761498,
    "duration": 14,
    "pid": 89587,
    "index": 62
  },
  {
    "name": "Load Router",
    "start": 1604901761498,
    "end": 1604901761500,
    "duration": 2,
    "pid": 89587,
    "index": 63
  },
  {
    "name": "Require(46) app/router.js",
    "start": 1604901761498,
    "end": 1604901761499,
    "duration": 1,
    "pid": 89587,
    "index": 64
  },
  {
    "name": "Before Start in node_modules/egg-core/lib/egg.js:303:10",
    "start": 1604901761499,
    "end": 1604901761511,
    "duration": 12,
    "pid": 89587,
    "index": 65
  }
]