[
  {
    "name": "Application Start",
    "start": 1604900018205,
    "end": 1604900018907,
    "duration": 702,
    "pid": 44162,
    "index": 0
  },
  {
    "name": "Load Plugin",
    "start": 1604900018208,
    "end": 1604900018213,
    "duration": 5,
    "pid": 44162,
    "index": 1
  },
  {
    "name": "Load Config",
    "start": 1604900018213,
    "end": 1604900018223,
    "duration": 10,
    "pid": 44162,
    "index": 2
  },
  {
    "name": "Require(0) config/config.default.js",
    "start": 1604900018214,
    "end": 1604900018214,
    "duration": 0,
    "pid": 44162,
    "index": 3
  },
  {
    "name": "Require(1) node_modules/egg-session/config/config.default.js",
    "start": 1604900018215,
    "end": 1604900018215,
    "duration": 0,
    "pid": 44162,
    "index": 4
  },
  {
    "name": "Require(2) node_modules/egg-security/config/config.default.js",
    "start": 1604900018215,
    "end": 1604900018215,
    "duration": 0,
    "pid": 44162,
    "index": 5
  },
  {
    "name": "Require(3) node_modules/egg-jsonp/config/config.default.js",
    "start": 1604900018216,
    "end": 1604900018216,
    "duration": 0,
    "pid": 44162,
    "index": 6
  },
  {
    "name": "Require(4) node_modules/egg-onerror/config/config.default.js",
    "start": 1604900018216,
    "end": 1604900018216,
    "duration": 0,
    "pid": 44162,
    "index": 7
  },
  {
    "name": "Require(5) node_modules/egg-i18n/config/config.default.js",
    "start": 1604900018217,
    "end": 1604900018217,
    "duration": 0,
    "pid": 44162,
    "index": 8
  },
  {
    "name": "Require(6) node_modules/egg-watcher/config/config.default.js",
    "start": 1604900018217,
    "end": 1604900018217,
    "duration": 0,
    "pid": 44162,
    "index": 9
  },
  {
    "name": "Require(7) node_modules/egg-schedule/config/config.default.js",
    "start": 1604900018217,
    "end": 1604900018218,
    "duration": 1,
    "pid": 44162,
    "index": 10
  },
  {
    "name": "Require(8) node_modules/egg-multipart/config/config.default.js",
    "start": 1604900018218,
    "end": 1604900018218,
    "duration": 0,
    "pid": 44162,
    "index": 11
  },
  {
    "name": "Require(9) node_modules/egg-development/config/config.default.js",
    "start": 1604900018218,
    "end": 1604900018218,
    "duration": 0,
    "pid": 44162,
    "index": 12
  },
  {
    "name": "Require(10) node_modules/egg-logrotator/config/config.default.js",
    "start": 1604900018219,
    "end": 1604900018219,
    "duration": 0,
    "pid": 44162,
    "index": 13
  },
  {
    "name": "Require(11) node_modules/egg-static/config/config.default.js",
    "start": 1604900018219,
    "end": 1604900018219,
    "duration": 0,
    "pid": 44162,
    "index": 14
  },
  {
    "name": "Require(12) node_modules/egg-view/config/config.default.js",
    "start": 1604900018219,
    "end": 1604900018219,
    "duration": 0,
    "pid": 44162,
    "index": 15
  },
  {
    "name": "Require(13) node_modules/egg-mysql/config/config.default.js",
    "start": 1604900018220,
    "end": 1604900018220,
    "duration": 0,
    "pid": 44162,
    "index": 16
  },
  {
    "name": "Require(14) node_modules/egg/config/config.default.js",
    "start": 1604900018220,
    "end": 1604900018220,
    "duration": 0,
    "pid": 44162,
    "index": 17
  },
  {
    "name": "Require(15) config/config.default.js",
    "start": 1604900018221,
    "end": 1604900018221,
    "duration": 0,
    "pid": 44162,
    "index": 18
  },
  {
    "name": "Require(16) node_modules/egg-security/config/config.local.js",
    "start": 1604900018221,
    "end": 1604900018221,
    "duration": 0,
    "pid": 44162,
    "index": 19
  },
  {
    "name": "Require(17) node_modules/egg-watcher/config/config.local.js",
    "start": 1604900018222,
    "end": 1604900018222,
    "duration": 0,
    "pid": 44162,
    "index": 20
  },
  {
    "name": "Require(18) node_modules/egg-view/config/config.local.js",
    "start": 1604900018222,
    "end": 1604900018222,
    "duration": 0,
    "pid": 44162,
    "index": 21
  },
  {
    "name": "Require(19) node_modules/egg/config/config.local.js",
    "start": 1604900018223,
    "end": 1604900018223,
    "duration": 0,
    "pid": 44162,
    "index": 22
  },
  {
    "name": "Load extend/application.js",
    "start": 1604900018223,
    "end": 1604900018227,
    "duration": 4,
    "pid": 44162,
    "index": 23
  },
  {
    "name": "Require(20) node_modules/egg-session/app/extend/application.js",
    "start": 1604900018224,
    "end": 1604900018224,
    "duration": 0,
    "pid": 44162,
    "index": 24
  },
  {
    "name": "Require(21) node_modules/egg-security/app/extend/application.js",
    "start": 1604900018224,
    "end": 1604900018224,
    "duration": 0,
    "pid": 44162,
    "index": 25
  },
  {
    "name": "Require(22) node_modules/egg-jsonp/app/extend/application.js",
    "start": 1604900018224,
    "end": 1604900018225,
    "duration": 1,
    "pid": 44162,
    "index": 26
  },
  {
    "name": "Require(23) node_modules/egg-logrotator/app/extend/application.js",
    "start": 1604900018225,
    "end": 1604900018226,
    "duration": 1,
    "pid": 44162,
    "index": 27
  },
  {
    "name": "Require(24) node_modules/egg-view/app/extend/application.js",
    "start": 1604900018226,
    "end": 1604900018226,
    "duration": 0,
    "pid": 44162,
    "index": 28
  },
  {
    "name": "Load extend/request.js",
    "start": 1604900018227,
    "end": 1604900018228,
    "duration": 1,
    "pid": 44162,
    "index": 29
  },
  {
    "name": "Require(25) node_modules/egg/app/extend/request.js",
    "start": 1604900018228,
    "end": 1604900018228,
    "duration": 0,
    "pid": 44162,
    "index": 30
  },
  {
    "name": "Load extend/response.js",
    "start": 1604900018228,
    "end": 1604900018230,
    "duration": 2,
    "pid": 44162,
    "index": 31
  },
  {
    "name": "Require(26) node_modules/egg/app/extend/response.js",
    "start": 1604900018229,
    "end": 1604900018230,
    "duration": 1,
    "pid": 44162,
    "index": 32
  },
  {
    "name": "Load extend/context.js",
    "start": 1604900018230,
    "end": 1604900018256,
    "duration": 26,
    "pid": 44162,
    "index": 33
  },
  {
    "name": "Require(27) node_modules/egg-security/app/extend/context.js",
    "start": 1604900018230,
    "end": 1604900018234,
    "duration": 4,
    "pid": 44162,
    "index": 34
  },
  {
    "name": "Require(28) node_modules/egg-jsonp/app/extend/context.js",
    "start": 1604900018234,
    "end": 1604900018234,
    "duration": 0,
    "pid": 44162,
    "index": 35
  },
  {
    "name": "Require(29) node_modules/egg-i18n/app/extend/context.js",
    "start": 1604900018234,
    "end": 1604900018234,
    "duration": 0,
    "pid": 44162,
    "index": 36
  },
  {
    "name": "Require(30) node_modules/egg-multipart/app/extend/context.js",
    "start": 1604900018235,
    "end": 1604900018255,
    "duration": 20,
    "pid": 44162,
    "index": 37
  },
  {
    "name": "Require(31) node_modules/egg-view/app/extend/context.js",
    "start": 1604900018255,
    "end": 1604900018255,
    "duration": 0,
    "pid": 44162,
    "index": 38
  },
  {
    "name": "Require(32) node_modules/egg/app/extend/context.js",
    "start": 1604900018255,
    "end": 1604900018256,
    "duration": 1,
    "pid": 44162,
    "index": 39
  },
  {
    "name": "Load extend/helper.js",
    "start": 1604900018256,
    "end": 1604900018266,
    "duration": 10,
    "pid": 44162,
    "index": 40
  },
  {
    "name": "Require(33) node_modules/egg-security/app/extend/helper.js",
    "start": 1604900018257,
    "end": 1604900018264,
    "duration": 7,
    "pid": 44162,
    "index": 41
  },
  {
    "name": "Require(34) node_modules/egg/app/extend/helper.js",
    "start": 1604900018265,
    "end": 1604900018265,
    "duration": 0,
    "pid": 44162,
    "index": 42
  },
  {
    "name": "Load app.js",
    "start": 1604900018266,
    "end": 1604900018287,
    "duration": 21,
    "pid": 44162,
    "index": 43
  },
  {
    "name": "Require(35) node_modules/egg-session/app.js",
    "start": 1604900018266,
    "end": 1604900018266,
    "duration": 0,
    "pid": 44162,
    "index": 44
  },
  {
    "name": "Require(36) node_modules/egg-security/app.js",
    "start": 1604900018266,
    "end": 1604900018267,
    "duration": 1,
    "pid": 44162,
    "index": 45
  },
  {
    "name": "Require(37) node_modules/egg-onerror/app.js",
    "start": 1604900018267,
    "end": 1604900018270,
    "duration": 3,
    "pid": 44162,
    "index": 46
  },
  {
    "name": "Require(38) node_modules/egg-i18n/app.js",
    "start": 1604900018270,
    "end": 1604900018275,
    "duration": 5,
    "pid": 44162,
    "index": 47
  },
  {
    "name": "Require(39) node_modules/egg-watcher/app.js",
    "start": 1604900018276,
    "end": 1604900018277,
    "duration": 1,
    "pid": 44162,
    "index": 48
  },
  {
    "name": "Require(40) node_modules/egg-schedule/app.js",
    "start": 1604900018277,
    "end": 1604900018277,
    "duration": 0,
    "pid": 44162,
    "index": 49
  },
  {
    "name": "Require(41) node_modules/egg-multipart/app.js",
    "start": 1604900018277,
    "end": 1604900018278,
    "duration": 1,
    "pid": 44162,
    "index": 50
  },
  {
    "name": "Require(42) node_modules/egg-development/app.js",
    "start": 1604900018278,
    "end": 1604900018278,
    "duration": 0,
    "pid": 44162,
    "index": 51
  },
  {
    "name": "Require(43) node_modules/egg-logrotator/app.js",
    "start": 1604900018278,
    "end": 1604900018279,
    "duration": 1,
    "pid": 44162,
    "index": 52
  },
  {
    "name": "Require(44) node_modules/egg-static/app.js",
    "start": 1604900018279,
    "end": 1604900018279,
    "duration": 0,
    "pid": 44162,
    "index": 53
  },
  {
    "name": "Require(45) node_modules/egg-mysql/app.js",
    "start": 1604900018279,
    "end": 1604900018286,
    "duration": 7,
    "pid": 44162,
    "index": 54
  },
  {
    "name": "Before Start in node_modules/egg-watcher/lib/init.js:15:14",
    "start": 1604900018293,
    "end": 1604900018900,
    "duration": 607,
    "pid": 44162,
    "index": 55
  },
  {
    "name": "Before Start in node_modules/egg-mysql/lib/mysql.js:20:7",
    "start": 1604900018355,
    "end": 1604900018907,
    "duration": 552,
    "pid": 44162,
    "index": 56
  },
  {
    "name": "Load Service",
    "start": 1604900018355,
    "end": 1604900018804,
    "duration": 449,
    "pid": 44162,
    "index": 57
  },
  {
    "name": "Load \"service\" to Context",
    "start": 1604900018355,
    "end": 1604900018804,
    "duration": 449,
    "pid": 44162,
    "index": 58
  },
  {
    "name": "Load Middleware",
    "start": 1604900018804,
    "end": 1604900018850,
    "duration": 46,
    "pid": 44162,
    "index": 59
  },
  {
    "name": "Load \"middlewares\" to Application",
    "start": 1604900018804,
    "end": 1604900018845,
    "duration": 41,
    "pid": 44162,
    "index": 60
  },
  {
    "name": "Load Controller",
    "start": 1604900018850,
    "end": 1604900018861,
    "duration": 11,
    "pid": 44162,
    "index": 61
  },
  {
    "name": "Load \"controller\" to Application",
    "start": 1604900018850,
    "end": 1604900018861,
    "duration": 11,
    "pid": 44162,
    "index": 62
  },
  {
    "name": "Load Router",
    "start": 1604900018861,
    "end": 1604900018865,
    "duration": 4,
    "pid": 44162,
    "index": 63
  },
  {
    "name": "Require(46) app/router.js",
    "start": 1604900018861,
    "end": 1604900018861,
    "duration": 0,
    "pid": 44162,
    "index": 64
  },
  {
    "name": "Before Start in node_modules/egg-core/lib/egg.js:303:10",
    "start": 1604900018862,
    "end": 1604900018876,
    "duration": 14,
    "pid": 44162,
    "index": 65
  }
]