[
  {
    "name": "Application Start",
    "start": 1604900016165,
    "end": 1604900017434,
    "duration": 1269,
    "pid": 43897,
    "index": 0
  },
  {
    "name": "Load Plugin",
    "start": 1604900016171,
    "end": 1604900016183,
    "duration": 12,
    "pid": 43897,
    "index": 1
  },
  {
    "name": "Load Config",
    "start": 1604900016183,
    "end": 1604900016205,
    "duration": 22,
    "pid": 43897,
    "index": 2
  },
  {
    "name": "Require(0) config/config.default.js",
    "start": 1604900016183,
    "end": 1604900016184,
    "duration": 1,
    "pid": 43897,
    "index": 3
  },
  {
    "name": "Require(1) node_modules/egg-session/config/config.default.js",
    "start": 1604900016185,
    "end": 1604900016185,
    "duration": 0,
    "pid": 43897,
    "index": 4
  },
  {
    "name": "Require(2) node_modules/egg-security/config/config.default.js",
    "start": 1604900016186,
    "end": 1604900016186,
    "duration": 0,
    "pid": 43897,
    "index": 5
  },
  {
    "name": "Require(3) node_modules/egg-jsonp/config/config.default.js",
    "start": 1604900016187,
    "end": 1604900016188,
    "duration": 1,
    "pid": 43897,
    "index": 6
  },
  {
    "name": "Require(4) node_modules/egg-onerror/config/config.default.js",
    "start": 1604900016189,
    "end": 1604900016189,
    "duration": 0,
    "pid": 43897,
    "index": 7
  },
  {
    "name": "Require(5) node_modules/egg-i18n/config/config.default.js",
    "start": 1604900016190,
    "end": 1604900016191,
    "duration": 1,
    "pid": 43897,
    "index": 8
  },
  {
    "name": "Require(6) node_modules/egg-watcher/config/config.default.js",
    "start": 1604900016191,
    "end": 1604900016191,
    "duration": 0,
    "pid": 43897,
    "index": 9
  },
  {
    "name": "Require(7) node_modules/egg-schedule/config/config.default.js",
    "start": 1604900016192,
    "end": 1604900016192,
    "duration": 0,
    "pid": 43897,
    "index": 10
  },
  {
    "name": "Require(8) node_modules/egg-multipart/config/config.default.js",
    "start": 1604900016193,
    "end": 1604900016193,
    "duration": 0,
    "pid": 43897,
    "index": 11
  },
  {
    "name": "Require(9) node_modules/egg-development/config/config.default.js",
    "start": 1604900016194,
    "end": 1604900016194,
    "duration": 0,
    "pid": 43897,
    "index": 12
  },
  {
    "name": "Require(10) node_modules/egg-logrotator/config/config.default.js",
    "start": 1604900016195,
    "end": 1604900016196,
    "duration": 1,
    "pid": 43897,
    "index": 13
  },
  {
    "name": "Require(11) node_modules/egg-static/config/config.default.js",
    "start": 1604900016196,
    "end": 1604900016196,
    "duration": 0,
    "pid": 43897,
    "index": 14
  },
  {
    "name": "Require(12) node_modules/egg-view/config/config.default.js",
    "start": 1604900016197,
    "end": 1604900016198,
    "duration": 1,
    "pid": 43897,
    "index": 15
  },
  {
    "name": "Require(13) node_modules/egg-mysql/config/config.default.js",
    "start": 1604900016198,
    "end": 1604900016199,
    "duration": 1,
    "pid": 43897,
    "index": 16
  },
  {
    "name": "Require(14) node_modules/egg/config/config.default.js",
    "start": 1604900016199,
    "end": 1604900016200,
    "duration": 1,
    "pid": 43897,
    "index": 17
  },
  {
    "name": "Require(15) config/config.default.js",
    "start": 1604900016201,
    "end": 1604900016201,
    "duration": 0,
    "pid": 43897,
    "index": 18
  },
  {
    "name": "Require(16) node_modules/egg-security/config/config.local.js",
    "start": 1604900016202,
    "end": 1604900016202,
    "duration": 0,
    "pid": 43897,
    "index": 19
  },
  {
    "name": "Require(17) node_modules/egg-watcher/config/config.local.js",
    "start": 1604900016202,
    "end": 1604900016203,
    "duration": 1,
    "pid": 43897,
    "index": 20
  },
  {
    "name": "Require(18) node_modules/egg-view/config/config.local.js",
    "start": 1604900016204,
    "end": 1604900016204,
    "duration": 0,
    "pid": 43897,
    "index": 21
  },
  {
    "name": "Require(19) node_modules/egg/config/config.local.js",
    "start": 1604900016205,
    "end": 1604900016205,
    "duration": 0,
    "pid": 43897,
    "index": 22
  },
  {
    "name": "Load extend/application.js",
    "start": 1604900016206,
    "end": 1604900016218,
    "duration": 12,
    "pid": 43897,
    "index": 23
  },
  {
    "name": "Require(20) node_modules/egg-session/app/extend/application.js",
    "start": 1604900016207,
    "end": 1604900016207,
    "duration": 0,
    "pid": 43897,
    "index": 24
  },
  {
    "name": "Require(21) node_modules/egg-security/app/extend/application.js",
    "start": 1604900016207,
    "end": 1604900016209,
    "duration": 2,
    "pid": 43897,
    "index": 25
  },
  {
    "name": "Require(22) node_modules/egg-jsonp/app/extend/application.js",
    "start": 1604900016210,
    "end": 1604900016211,
    "duration": 1,
    "pid": 43897,
    "index": 26
  },
  {
    "name": "Require(23) node_modules/egg-logrotator/app/extend/application.js",
    "start": 1604900016212,
    "end": 1604900016214,
    "duration": 2,
    "pid": 43897,
    "index": 27
  },
  {
    "name": "Require(24) node_modules/egg-view/app/extend/application.js",
    "start": 1604900016215,
    "end": 1604900016217,
    "duration": 2,
    "pid": 43897,
    "index": 28
  },
  {
    "name": "Load extend/request.js",
    "start": 1604900016218,
    "end": 1604900016221,
    "duration": 3,
    "pid": 43897,
    "index": 29
  },
  {
    "name": "Require(25) node_modules/egg/app/extend/request.js",
    "start": 1604900016219,
    "end": 1604900016220,
    "duration": 1,
    "pid": 43897,
    "index": 30
  },
  {
    "name": "Load extend/response.js",
    "start": 1604900016221,
    "end": 1604900016225,
    "duration": 4,
    "pid": 43897,
    "index": 31
  },
  {
    "name": "Require(26) node_modules/egg/app/extend/response.js",
    "start": 1604900016222,
    "end": 1604900016224,
    "duration": 2,
    "pid": 43897,
    "index": 32
  },
  {
    "name": "Load extend/context.js",
    "start": 1604900016225,
    "end": 1604900016281,
    "duration": 56,
    "pid": 43897,
    "index": 33
  },
  {
    "name": "Require(27) node_modules/egg-security/app/extend/context.js",
    "start": 1604900016225,
    "end": 1604900016236,
    "duration": 11,
    "pid": 43897,
    "index": 34
  },
  {
    "name": "Require(28) node_modules/egg-jsonp/app/extend/context.js",
    "start": 1604900016236,
    "end": 1604900016237,
    "duration": 1,
    "pid": 43897,
    "index": 35
  },
  {
    "name": "Require(29) node_modules/egg-i18n/app/extend/context.js",
    "start": 1604900016238,
    "end": 1604900016239,
    "duration": 1,
    "pid": 43897,
    "index": 36
  },
  {
    "name": "Require(30) node_modules/egg-multipart/app/extend/context.js",
    "start": 1604900016239,
    "end": 1604900016278,
    "duration": 39,
    "pid": 43897,
    "index": 37
  },
  {
    "name": "Require(31) node_modules/egg-view/app/extend/context.js",
    "start": 1604900016278,
    "end": 1604900016280,
    "duration": 2,
    "pid": 43897,
    "index": 38
  },
  {
    "name": "Require(32) node_modules/egg/app/extend/context.js",
    "start": 1604900016280,
    "end": 1604900016281,
    "duration": 1,
    "pid": 43897,
    "index": 39
  },
  {
    "name": "Load extend/helper.js",
    "start": 1604900016281,
    "end": 1604900016303,
    "duration": 22,
    "pid": 43897,
    "index": 40
  },
  {
    "name": "Require(33) node_modules/egg-security/app/extend/helper.js",
    "start": 1604900016282,
    "end": 1604900016301,
    "duration": 19,
    "pid": 43897,
    "index": 41
  },
  {
    "name": "Require(34) node_modules/egg/app/extend/helper.js",
    "start": 1604900016301,
    "end": 1604900016302,
    "duration": 1,
    "pid": 43897,
    "index": 42
  },
  {
    "name": "Load app.js",
    "start": 1604900016303,
    "end": 1604900016357,
    "duration": 54,
    "pid": 43897,
    "index": 43
  },
  {
    "name": "Require(35) node_modules/egg-session/app.js",
    "start": 1604900016304,
    "end": 1604900016304,
    "duration": 0,
    "pid": 43897,
    "index": 44
  },
  {
    "name": "Require(36) node_modules/egg-security/app.js",
    "start": 1604900016304,
    "end": 1604900016306,
    "duration": 2,
    "pid": 43897,
    "index": 45
  },
  {
    "name": "Require(37) node_modules/egg-onerror/app.js",
    "start": 1604900016306,
    "end": 1604900016315,
    "duration": 9,
    "pid": 43897,
    "index": 46
  },
  {
    "name": "Require(38) node_modules/egg-i18n/app.js",
    "start": 1604900016316,
    "end": 1604900016332,
    "duration": 16,
    "pid": 43897,
    "index": 47
  },
  {
    "name": "Require(39) node_modules/egg-watcher/app.js",
    "start": 1604900016333,
    "end": 1604900016336,
    "duration": 3,
    "pid": 43897,
    "index": 48
  },
  {
    "name": "Require(40) node_modules/egg-schedule/app.js",
    "start": 1604900016336,
    "end": 1604900016337,
    "duration": 1,
    "pid": 43897,
    "index": 49
  },
  {
    "name": "Require(41) node_modules/egg-multipart/app.js",
    "start": 1604900016337,
    "end": 1604900016340,
    "duration": 3,
    "pid": 43897,
    "index": 50
  },
  {
    "name": "Require(42) node_modules/egg-development/app.js",
    "start": 1604900016341,
    "end": 1604900016341,
    "duration": 0,
    "pid": 43897,
    "index": 51
  },
  {
    "name": "Require(43) node_modules/egg-logrotator/app.js",
    "start": 1604900016341,
    "end": 1604900016342,
    "duration": 1,
    "pid": 43897,
    "index": 52
  },
  {
    "name": "Require(44) node_modules/egg-static/app.js",
    "start": 1604900016342,
    "end": 1604900016342,
    "duration": 0,
    "pid": 43897,
    "index": 53
  },
  {
    "name": "Require(45) node_modules/egg-mysql/app.js",
    "start": 1604900016343,
    "end": 1604900016357,
    "duration": 14,
    "pid": 43897,
    "index": 54
  },
  {
    "name": "Before Start in node_modules/egg-watcher/lib/init.js:15:14",
    "start": 1604900016364,
    "end": 1604900017410,
    "duration": 1046,
    "pid": 43897,
    "index": 55
  },
  {
    "name": "Before Start in node_modules/egg-mysql/lib/mysql.js:20:7",
    "start": 1604900016459,
    "end": 1604900017433,
    "duration": 974,
    "pid": 43897,
    "index": 56
  },
  {
    "name": "Load Service",
    "start": 1604900016460,
    "end": 1604900017229,
    "duration": 769,
    "pid": 43897,
    "index": 57
  },
  {
    "name": "Load \"service\" to Context",
    "start": 1604900016460,
    "end": 1604900017229,
    "duration": 769,
    "pid": 43897,
    "index": 58
  },
  {
    "name": "Load Middleware",
    "start": 1604900017229,
    "end": 1604900017316,
    "duration": 87,
    "pid": 43897,
    "index": 59
  },
  {
    "name": "Load \"middlewares\" to Application",
    "start": 1604900017229,
    "end": 1604900017308,
    "duration": 79,
    "pid": 43897,
    "index": 60
  },
  {
    "name": "Load Controller",
    "start": 1604900017316,
    "end": 1604900017340,
    "duration": 24,
    "pid": 43897,
    "index": 61
  },
  {
    "name": "Load \"controller\" to Application",
    "start": 1604900017317,
    "end": 1604900017340,
    "duration": 23,
    "pid": 43897,
    "index": 62
  },
  {
    "name": "Load Router",
    "start": 1604900017340,
    "end": 1604900017342,
    "duration": 2,
    "pid": 43897,
    "index": 63
  },
  {
    "name": "Require(46) app/router.js",
    "start": 1604900017340,
    "end": 1604900017341,
    "duration": 1,
    "pid": 43897,
    "index": 64
  },
  {
    "name": "Before Start in node_modules/egg-core/lib/egg.js:303:10",
    "start": 1604900017341,
    "end": 1604900017356,
    "duration": 15,
    "pid": 43897,
    "index": 65
  }
]